100/12/26,3716000,185003950,49.9,51.9,48.0,50.0,X0.00,1729
100/12/27,2837020,145327150,49.8,52.4,48.7,52.0,+2.00,1276
100/12/28,1088072,55511500,51.4,51.9,50.2,51.9,-0.10,662
100/12/29,650000,33317200,51.1,51.6,50.7,51.6,-0.30,330
100/12/30,1572472,81459537,51.8,52.2,51.1,52.2,+0.60,632
101/01/02,1354000,68759850,52.0,52.0,49.5,50.5,-1.70,622
101/01/03,856100,44061990,51.5,51.9,50.8,50.9,+0.40,456
101/01/04,2687568,140753079,51.1,53.0,50.9,52.2,+1.30,1109
101/01/05,6283128,342710941,53.0,55.8,52.8,55.8,+3.60,2267
101/01/06,4743129,278969601,57.5,59.7,56.6,59.7,+3.90,1824
101/01/09,3837400,235449918,59.9,62.8,59.1,62.0,+2.30,1855
101/01/10,3287000,216417800,62.6,66.3,62.6,66.3,+4.30,1107
101/01/11,2961011,196877679,68.5,68.5,64.5,66.3, 0.00,1465
101/01/12,1853029,122636656,66.3,66.5,64.8,66.2,-0.10,729
101/01/13,1575405,101221070,66.3,66.3,62.5,64.0,-2.20,965
101/01/16,1195000,77057800,65.0,66.0,62.8,63.2,-0.80,661
101/01/17,2751595,183882422,63.5,67.6,63.5,67.6,+4.40,1165
101/01/18,2938001,204462570,68.0,72.2,66.6,70.4,+2.80,1500
101/01/30,2016720,144686466,73.0,73.2,70.4,72.4,+2.00,1036
101/01/31,1350040,97762292,72.2,74.0,70.5,73.2,+0.80,860
101/02/01,841030,60637708,73.2,73.2,71.0,71.2,-2.00,559
101/02/02,1964021,144983498,71.5,75.0,71.5,75.0,+3.80,1091
101/02/03,1425115,108157425,75.8,78.0,74.0,75.7,+0.70,858
101/02/04,1865591,149802711,77.6,80.9,76.0,80.9,+5.20,707
101/02/06,1536066,131478809,84.1,86.5,83.0,86.5,+5.60,553
101/02/07,2956566,260397342,86.6,90.8,85.0,90.2,+3.70,1382
101/02/08,1839010,167310529,90.6,93.4,87.0,92.0,+1.80,1074
101/02/09,1064014,98443600,92.0,93.8,90.5,92.0, 0.00,758
101/02/10,1785100,170935840,93.6,98.0,92.0,98.0,+6.00,938
101/02/13,1548400,156726300,98.0,104.0,97.0,104.0,+6.00,959
101/02/14,1527420,151607400,104.0,104.0,96.8,99.0,-5.00,1090
101/02/15,3254025,311850937,96.0,100.0,93.5,99.0, 0.00,1845
101/02/16,2044861,194882295,96.0,98.2,92.1,92.1,-6.90,1303
101/02/17,2726074,244291800,93.0,95.0,86.5,89.2,-2.90,1775
101/02/20,1712330,155557882,89.8,93.3,86.7,92.8,+3.60,1115
101/02/21,790010,71489858,93.0,93.0,89.0,89.9,-2.90,587
101/02/22,1727302,158515910,89.9,93.5,88.6,92.5,+2.60,1132
101/02/23,663500,61058500,92.5,93.0,91.0,92.0,-0.50,484
101/02/24,824050,73973150,92.0,92.0,87.8,90.4,-1.60,593
101/02/29,962500,87137650,91.9,92.0,89.5,90.2,-0.20,786
101/03/01,1553480,141332962,89.1,92.5,89.1,91.3,+1.10,1029
101/03/02,3195270,302272290,91.3,97.6,91.0,97.0,+5.70,1935
101/03/03,2760100,272018900,96.3,101.0,94.5,97.8,+0.80,1675
101/03/05,854200,80843700,96.8,97.0,93.5,93.8,-4.00,693
101/03/06,1497236,132839773,90.0,92.8,87.3,89.3,-4.50,978
101/03/07,1456460,132976160,87.0,93.9,87.0,91.0,+1.70,1040
101/03/08,690302,63341502,91.6,93.0,91.0,92.0,+1.00,508
101/03/09,622800,57192899,92.0,93.2,91.1,91.6,-0.40,483
101/03/12,820185,73222176,92.0,92.1,87.6,89.5,-2.10,590
101/03/13,741505,65564450,89.5,90.4,87.5,87.6,-1.90,518
101/03/14,1429305,128402628,90.8,90.8,88.5,89.5,+1.90,978
101/03/15,745250,65836473,89.5,89.5,88.0,88.3,-1.20,483
101/03/16,1149012,102875692,88.0,91.0,87.8,91.0,+2.70,688
101/03/19,752050,66295324,90.9,90.9,87.5,88.0,-3.00,535
101/03/20,518388,45033062,88.8,88.8,85.8,86.0,-2.00,387
101/03/21,936000,80055200,86.0,87.5,83.5,84.5,-1.50,584
101/03/22,800155,69592140,85.0,88.3,85.0,86.8,+2.30,465
101/03/23,1291257,115790830,88.2,91.2,86.8,90.9,+4.10,901
101/03/26,2057190,190509112,91.2,93.3,91.2,92.7,+1.80,1095
101/03/27,2229800,210497380,93.5,96.5,92.4,92.5,-0.20,1341
101/03/28,2737193,261577428,93.1,96.7,93.1,96.5,+4.00,1650
101/03/29,3335766,318038275,96.0,98.2,93.0,97.8,+1.30,1829
101/03/30,1883552,183792896,97.0,99.5,93.0,98.0,+0.20,1005
101/04/02,557300,53508059,98.0,98.7,94.7,96.0,-2.00,415
101/04/03,943022,88013446,96.5,97.0,92.3,93.0,-3.00,530
101/04/05,1203910,112575945,88.6,96.5,88.0,96.0,+3.00,591
101/04/06,925600,88904838,96.0,96.5,94.5,96.0, 0.00,465
101/04/09,625000,59690900,93.0,96.1,93.0,95.9,-0.10,343
101/04/10,374120,35611008,96.0,96.6,93.0,94.3,-1.60,286
101/04/11,424001,40380000,93.2,96.0,93.2,95.0,+0.70,305
101/04/12,3429849,342549372,94.4,101.5,93.7,101.5,+6.50,1489
101/04/13,3415515,367359377,103.0,108.5,103.0,108.5,+7.00,1042
101/04/16,2078505,218827535,108.0,108.0,102.0,108.0,-0.50,1158
101/04/17,2370050,244014300,107.0,107.0,100.5,105.0,-3.00,1418
101/04/18,2895396,310293852,105.0,112.0,103.0,111.5,+6.50,1659
101/04/19,1390052,150935116,111.5,111.5,107.0,109.0,-2.50,1017
101/04/20,1231020,129268120,107.5,107.5,104.0,105.0,-4.00,1037
101/04/23,1048009,109265391,104.0,105.5,102.0,104.5,-0.50,601
101/04/24,910000,94529000,106.0,106.0,102.0,104.5, 0.00,575
101/04/25,1861609,200469881,106.0,110.0,104.5,109.5,+5.00,1106
101/04/26,1334391,143838119,109.5,109.5,106.0,108.0,-1.50,898
101/04/27,1826838,184831138,108.0,108.0,100.5,100.5,-7.50,742
101/04/30,1367101,132270238,93.8,98.0,93.5,97.5,-3.00,904
101/05/02,2143870,215830740,97.5,102.5,97.5,102.5,+5.00,1261
101/05/03,1516179,150764279,100.0,101.0,98.0,100.0,-2.50,949
101/05/04,1970000,192952700,98.0,99.8,97.0,97.7,-2.30,1405
101/05/07,1248558,116227495,95.0,95.0,92.0,93.0,-4.70,682
101/05/08,2656000,248717000,93.0,95.0,92.8,94.0,+1.00,1178
101/05/09,1653200,155127800,90.2,94.5,90.2,94.5,+0.50,1040
101/05/10,1676699,159180773,94.5,95.9,93.7,95.9,+1.40,678
101/05/11,1185038,109918053,95.9,95.9,91.8,92.5,-3.40,642
101/05/14,1288000,118417300,91.8,93.3,88.0,93.3,+0.80,486
101/05/15,2819224,272969373,93.0,99.7,92.1,98.2,+4.90,1544
101/05/16,4020516,398741448,98.7,102.5,97.5,97.5,-0.70,2227
101/05/17,1939130,188855400,97.5,97.9,95.6,97.7,+0.20,1145
101/05/18,1098250,104498825,96.5,97.0,92.5,93.0,-4.70,787
101/05/21,2838202,252409773,93.0,93.2,86.5,86.5,-6.50,1775
101/05/22,3002643,267691531,86.8,91.9,86.8,90.0,+3.50,1550
101/05/23,2115170,187355577,89.9,89.9,87.6,88.0,-2.00,1162
101/05/24,2210523,198998970,88.2,91.5,88.2,90.0,+2.00,1379
101/05/25,1834987,164759409,90.3,90.7,88.3,90.7,+0.70,961
101/05/28,1037169,92970745,90.7,90.7,88.8,89.7,-1.00,657
101/05/29,4597713,430786022,89.9,94.8,89.9,94.5,+4.80,2405
101/05/30,5182100,491215100,93.1,98.0,92.9,96.3,+1.80,2537
101/05/31,16334107,1561656721,95.1,98.0,93.3,93.3,-3.00,4845
101/06/01,4127344,381822411,93.3,94.6,90.8,91.9,-1.40,2303
101/06/04,2049546,176066983,86.0,88.0,85.5,85.5,-6.40,798
101/06/05,2267245,198352035,85.6,89.0,85.6,87.5,+2.00,1244
101/06/06,2315100,204131900,87.5,89.1,86.3,88.1,+0.60,1226
101/06/07,2147827,191410689,89.0,90.3,88.5,88.5,+0.40,1167
101/06/08,1682723,149827305,88.7,90.2,87.9,88.5, 0.00,816
101/06/11,1184350,105679405,88.7,90.3,88.1,88.6,+0.10,764
101/06/12,655000,57045300,86.7,87.8,86.6,87.6,-1.00,398
101/06/13,1880000,160966100,87.6,87.7,83.5,87.6, 0.00,1203
101/06/14,1570001,136805187,86.6,87.7,86.0,87.6, 0.00,817
101/06/15,2640140,236207112,87.7,90.4,87.1,90.2,+2.60,1180
101/06/18,3180400,297319380,90.8,94.4,90.8,93.7,+3.50,1561
101/06/19,1152199,107234445,93.3,93.5,92.3,93.5,-0.20,718
101/06/20,2751920,262100040,93.5,97.4,93.4,97.0,+3.50,1455
101/06/21,1974396,191003508,97.0,97.4,95.9,96.6,-0.40,1058
101/06/22,1144102,109752300,94.8,96.6,94.7,96.6, 0.00,700
101/06/25,1533500,148455200,96.5,98.0,95.6,97.0,+0.40,772
101/06/26,1803222,172533990,97.0,97.0,94.5,96.0,-1.00,876
101/06/27,1739150,165821825,95.0,96.2,94.1,95.6,-0.40,858
101/06/28,1693398,160802611,95.6,96.2,93.5,93.5,-2.10,1047
101/06/29,2482952,230544006,93.2,93.6,91.8,93.6,+0.10,1341
101/07/02,3156781,302150304,94.3,97.0,94.3,94.5,+0.90,1745
101/07/03,2154000,202675800,94.8,94.9,93.3,93.6,-0.90,1311
101/07/04,2980676,280701720,93.6,95.4,93.2,93.3,-0.30,1409
101/07/05,1952200,183113800,93.3,94.3,93.2,93.5,+0.20,1096
101/07/06,1316000,122467700,93.5,94.1,92.2,92.5,-1.00,718
101/07/09,969400,88671720,92.2,92.5,90.7,91.3,-1.20,585
101/07/10,2157450,190733600,91.0,91.1,85.3,86.6,-4.70,1342
101/07/11,1763010,154116985,86.6,88.4,85.9,87.7,+1.10,1101
101/07/12,1056081,91893870,87.7,88.0,86.1,86.1,-1.60,648
101/07/13,2079260,181132480,86.2,87.8,85.6,87.8,+1.70,1143
101/07/16,1165005,101380440,88.0,88.3,86.1,87.0,-0.80,760
101/07/17,3611563,297220429,85.0,85.5,81.0,82.7,-4.30,1945
101/07/18,3458016,277528180,82.0,83.0,78.6,79.4,-3.30,1852
101/07/19,3137542,261833315,80.2,84.9,80.2,84.9,+5.50,1498
101/07/20,7139580,622590250,84.9,88.7,84.7,87.0,+2.10,3867
101/07/23,3061100,264644950,86.9,87.8,84.7,85.5,-1.50,1532
101/07/24,1665000,142688100,85.6,86.2,85.0,85.7,+0.20,934
101/07/25,3327200,286409819,84.8,87.7,83.0,86.7,+1.00,1776
101/07/26,1598442,138273335,86.9,87.3,85.8,86.0,-0.70,947
101/07/27,5755488,518331508,86.5,92.0,86.5,91.0,+5.00,2844
101/07/30,2734989,248261129,91.1,91.3,89.2,90.0,-1.00,1406
101/07/31,2310005,208418852,90.0,90.9,89.0,90.4,+0.40,1352
101/08/01,1884000,169468000,90.4,90.7,89.3,89.5,-0.90,962
101/08/03,2359742,211928541,88.8,90.3,88.8,90.2,+0.70,843
101/08/06,2473127,223618130,90.9,91.4,89.5,90.0,-0.20,1049
101/08/07,1752000,157670600,90.0,90.2,89.6,90.2,+0.20,675
101/08/08,1248243,112484072,90.2,90.4,89.0,90.0,-0.20,738
101/08/09,6927865,658956497,90.1,96.3,90.1,96.3,+6.30,2219
101/08/10,7963730,787395195,96.0,102.0,95.6,101.5,+5.20,3183
101/08/13,5667939,539216629,96.5,96.6,93.0,94.4,X0.00,2921
101/08/14,6457110,627775410,94.5,99.5,94.5,98.4,+4.00,3550
101/08/15,7077714,709167599,98.5,103.0,98.5,99.0,+0.60,3900
101/08/16,3555073,352088673,99.1,99.9,98.2,98.2,-0.80,2191
101/08/17,5020932,493088836,98.3,100.5,96.0,96.0,-2.20,2806
101/08/20,4751029,465262442,96.3,99.0,96.3,97.8,+1.80,2755
101/08/21,3233789,314029933,98.1,98.4,95.3,96.4,-1.40,1996
101/08/22,2758100,265454730,96.4,97.0,95.5,95.9,-0.50,1587
101/08/23,3285811,319027672,95.9,97.8,95.9,96.5,+0.60,1854
101/08/24,2102850,201157800,95.9,96.5,95.0,96.0,-0.50,1360
101/08/27,4946725,481792815,96.8,98.4,96.2,96.4,+0.40,2542
101/08/28,6057743,571080167,95.9,96.5,92.9,93.0,-3.40,2906
101/08/29,3782000,356461900,93.2,95.0,93.2,94.6,+1.60,1655
101/08/30,2780910,264116110,94.6,95.4,94.0,95.4,+0.80,1391
101/08/31,3689992,353626927,95.5,96.6,95.0,95.0,-0.40,1903
101/09/03,8108958,798828642,95.0,100.5,95.0,99.0,+4.00,4392
101/09/04,4236500,418376600,99.2,99.7,97.5,97.5,-1.50,2168
101/09/05,9013704,900028304,97.7,101.0,97.7,99.2,+1.70,4190
101/09/06,5490145,547789268,99.5,101.5,98.3,98.4,-0.80,2885
101/09/07,7108386,701758534,99.4,101.0,97.3,97.5,-0.90,3366
101/09/10,2654200,256389300,97.5,98.1,95.7,96.0,-1.50,1627
101/09/11,2591300,251396600,96.3,98.0,96.2,96.3,+0.30,1598
101/09/12,5269750,516628850,96.8,99.0,96.8,99.0,+2.70,3009
101/09/13,3450363,336041857,99.1,99.1,96.0,96.2,-2.80,2447
101/09/14,4765900,464541777,96.9,98.2,96.7,96.7,+0.50,2607
101/09/17,4527898,442906798,96.7,98.5,96.7,98.0,+1.30,2180
101/09/18,2465419,240862074,98.0,98.1,96.8,96.8,-1.20,1323
101/09/19,3162241,309028520,96.8,98.6,96.8,97.2,+0.40,1737
101/09/20,3047240,291924688,97.2,97.5,95.1,95.4,-1.80,1811
101/09/21,3227955,312281935,95.6,97.2,95.6,97.0,+1.60,1804
101/09/24,2513960,245687289,97.2,98.3,96.8,97.5,+0.50,1693
101/09/25,2938950,280469650,97.5,97.5,94.5,94.6,-2.90,1747
101/09/26,6455150,589094755,94.5,94.5,89.8,90.1,-4.50,2948
101/09/27,3457682,315051684,90.0,92.1,89.9,90.6,+0.50,1928
101/09/28,2852934,261484428,91.0,92.2,90.6,92.1,+1.50,1384
101/10/01,1443545,130876225,92.1,92.1,89.8,90.7,-1.40,1054
101/10/02,2279981,209140847,90.9,92.6,90.7,91.9,+1.20,1479
101/10/03,1910569,176132159,92.0,92.6,91.8,92.2,+0.30,1011
101/10/04,3350903,310363176,92.7,93.7,91.5,91.9,-0.30,1995
101/10/05,1847144,170722804,92.2,92.8,92.0,92.4,+0.50,1005
101/10/08,3136899,278351912,92.4,92.4,87.3,88.0,-4.40,2030
101/10/09,2704730,236753505,88.1,88.6,86.3,88.4,+0.40,1494
101/10/11,3239675,288882207,88.2,89.9,88.0,88.9,+0.50,1760
101/10/12,2223635,195889707,88.9,89.2,87.2,87.9,-1.00,1324
101/10/15,1789750,157656875,88.1,89.1,86.8,87.7,-0.20,960
101/10/16,3017428,264157250,88.0,88.3,86.9,87.2,-0.50,1514
101/10/17,2493330,219080173,87.5,88.2,87.4,87.5,+0.30,1067
101/10/18,4376250,369076968,87.6,87.9,83.0,83.1,-4.40,2652
101/10/19,6422840,530505676,83.5,85.0,81.0,84.9,+1.80,2813
101/10/22,4063804,346298721,84.6,86.0,83.6,85.5,+0.60,2485
101/10/23,2651514,227074550,85.9,86.4,85.0,85.2,-0.30,1579
101/10/24,1945974,166020787,85.2,86.0,84.6,84.9,-0.30,1098
101/10/25,3389077,291474122,85.2,87.3,84.7,85.0,+0.10,1855
101/10/26,2255375,189343098,85.2,85.5,82.6,83.2,-1.80,1390
101/10/29,4946641,392107498,83.7,83.7,77.4,77.5,-5.70,2469
101/10/30,3241928,257122147,77.5,81.0,77.5,78.5,+1.00,1926
101/10/31,5524400,421221480,79.5,80.1,74.4,77.2,-1.30,3062
101/11/01,6782526,522018731,76.8,80.3,73.1,80.1,+2.90,3695
101/11/02,2693350,214657450,80.5,80.6,79.0,79.0,-1.10,1509
101/11/05,2264250,178946150,78.0,80.3,77.3,78.4,-0.60,1160
101/11/06,3967150,312054075,79.2,80.5,77.3,80.2,+1.80,2288
101/11/07,6321750,520418373,80.5,83.4,79.8,82.8,+2.60,3287
101/11/08,2380050,193880063,82.0,82.1,80.6,81.3,-1.50,1514
101/11/09,4050125,326865386,81.0,81.5,79.8,80.6,-0.70,2122
101/11/12,5455395,450087853,81.6,83.5,81.4,81.4,+0.80,2691
101/11/13,2927394,234511406,81.9,82.2,78.1,78.2,-3.20,1976
101/11/14,2784587,222428360,78.5,80.8,78.5,80.0,+1.80,1658
101/11/15,1605650,127454283,79.3,79.9,78.6,79.2,-0.80,1168
101/11/16,2707401,210345057,78.6,79.8,76.6,77.0,-2.20,1687
101/11/19,9367932,681418316,77.0,77.0,71.8,72.0,-5.00,4638
101/11/20,5321248,387541619,73.0,73.7,71.8,73.0,+1.00,2983
101/11/21,4121550,297665725,73.3,73.6,71.3,71.4,-1.60,2673
101/11/22,5003810,365854968,73.5,74.1,72.5,72.9,+1.50,2737
101/11/23,6394669,493854982,74.5,78.0,74.1,78.0,+5.10,2812
101/11/26,8561442,686329760,80.5,81.3,79.5,80.0,+2.00,3768
101/11/27,5871250,473963700,80.6,82.0,79.7,80.4,+0.40,3301
101/11/28,2300590,184426385,80.3,81.0,79.6,80.4, 0.00,1337
101/11/29,6203960,491571340,81.4,81.5,78.3,79.4,-1.00,2914
101/11/30,5652597,448660639,80.0,80.4,78.5,79.5,+0.10,2596
101/12/03,6385201,516726998,80.4,81.6,80.1,80.6,+1.10,3037
101/12/04,7683748,632310784,80.3,83.5,80.1,83.0,+2.40,4051
101/12/05,5567442,465161886,83.5,84.3,82.9,83.0, 0.00,2836
101/12/06,6698560,562722824,83.4,84.7,82.8,83.6,+0.60,3460
101/12/07,3967667,332463260,84.0,84.3,83.2,84.0,+0.40,2085
101/12/10,5206873,437841892,84.4,85.3,82.6,82.7,-1.30,2674
101/12/11,5651141,453877148,82.8,82.9,78.5,80.5,-2.20,3435
101/12/12,3420300,275036136,80.7,81.1,79.7,79.9,-0.60,2058
101/12/13,6311400,498181820,80.0,80.1,78.3,78.7,-1.20,3514
101/12/14,10058314,762072316,77.8,77.8,74.4,74.5,-4.20,6023
101/12/17,14296531,1013119001,74.0,74.0,69.3,70.8,-3.70,7150
101/12/18,5375200,384338537,71.4,72.0,71.0,71.1,+0.30,3205
101/12/19,8770940,645777700,72.0,75.0,72.0,75.0,+3.90,5006
101/12/20,5084700,377720509,74.8,76.1,72.9,73.8,-1.20,3196
101/12/21,4532815,326718080,73.9,74.1,70.9,71.6,-2.20,2766
101/12/22,3865150,280670375,72.1,73.1,71.8,72.4,+0.80,2095
101/12/24,3550500,256376798,72.4,73.5,71.2,71.2,-1.20,2091
101/12/25,4309675,309513160,71.5,72.3,71.2,71.9,+0.70,2339
101/12/26,4238471,301512841,71.9,72.1,70.6,70.9,-1.00,2473
101/12/27,4997320,358255180,70.2,72.6,70.2,71.2,+0.30,2908
101/12/28,2898325,207821535,71.5,72.4,71.3,71.5,+0.30,1573
102/01/02,7467750,538959973,72.1,73.2,71.4,71.6,+0.10,3701
102/01/03,11398147,836187415,72.1,74.4,72.1,74.4,+2.80,5293
102/01/04,13500284,1017388284,75.1,76.4,74.6,74.7,+0.30,6541
102/01/07,6359720,461904577,74.5,74.5,71.8,71.8,-2.90,3453
102/01/08,9628974,677215371,71.6,71.8,69.8,70.0,-1.80,5019
102/01/09,6201463,434461820,70.0,71.0,69.4,69.5,-0.50,3481
102/01/10,7072075,486400035,69.8,70.4,67.0,67.0,-2.50,4050
102/01/11,7362400,502512300,67.1,69.3,67.1,69.0,+2.00,3882
102/01/14,4056450,274868400,68.5,68.6,67.2,67.6,-1.40,2419
102/01/15,9491249,624629676,67.2,67.5,65.1,65.6,-2.00,4940
102/01/16,8395900,557761735,65.6,67.3,64.9,66.5,+0.90,4721
102/01/17,6885621,461835781,67.1,68.5,65.5,65.7,-0.80,3601
102/01/18,3979168,265990940,67.0,67.4,66.3,66.9,+1.20,2280
102/01/21,5633910,382653589,68.0,68.5,67.2,67.5,+0.60,3140
102/01/22,9928331,690430699,68.4,70.3,68.4,70.1,+2.60,5461
102/01/23,4349051,303914343,70.4,70.5,69.5,69.5,-0.60,2471
102/01/24,7587513,518022390,68.3,69.1,66.8,68.5,-1.00,3492
102/01/25,4400207,302521524,67.5,69.4,67.5,69.4,+0.90,2277
102/01/28,2234222,154407318,69.7,69.9,68.5,69.0,-0.40,1365
102/01/29,8894919,633669168,69.5,72.0,69.5,72.0,+3.00,4875
102/01/30,5898900,424700229,72.3,72.5,71.4,72.1,+0.10,3136
102/01/31,5157391,373603989,72.9,72.9,71.8,72.5,+0.40,2049
102/02/01,4787156,342396990,72.5,72.5,70.8,71.5,-1.00,2138
102/02/04,3745510,265786202,71.5,72.0,70.3,71.0,-0.50,1697
102/02/05,3295111,231985513,70.7,70.9,69.8,70.5,-0.50,1273
102/02/06,2908330,205587333,70.8,71.3,69.8,69.8,-0.70,1451
102/02/18,4128052,284740328,70.3,70.4,68.0,69.3,-0.50,1962
102/02/19,4087600,288371657,69.5,71.5,68.8,70.5,+1.20,2132
102/02/20,3068236,218830577,71.0,71.9,70.9,71.1,+0.60,1680
102/02/21,2954990,207665897,71.1,71.1,69.8,69.9,-1.20,1395
102/02/22,3992075,275357804,69.9,70.0,68.3,68.6,-1.30,1945
102/02/23,2856916,194465988,68.8,69.0,67.7,67.8,-0.80,1651
102/02/25,2174663,147778981,67.8,68.4,67.2,68.0,+0.20,1392
102/02/26,3742014,250646538,67.0,67.8,66.6,66.6,-1.40,1829
102/02/27,2274629,153190326,66.9,67.8,66.8,67.3,+0.70,1319
102/03/01,1817712,122353173,67.5,67.9,66.8,66.8,-0.50,1129
102/03/04,4249819,277313559,66.8,66.8,64.3,65.4,-1.40,2419
102/03/05,4235520,276696800,65.4,66.2,64.6,65.2,-0.20,2640
102/03/06,6139582,407267026,66.2,67.0,65.6,66.0,+0.80,3165
102/03/07,5528669,360500885,66.0,66.2,64.7,65.0,-1.00,2761
102/03/08,2814250,184994522,65.2,66.5,65.2,65.2,+0.20,1712
102/03/11,4017150,260715750,65.0,65.6,64.5,64.7,-0.50,1901
102/03/12,7239923,480574537,64.8,67.2,64.8,66.0,+1.30,3691
102/03/13,6422439,430316753,66.5,67.5,66.3,67.0,+1.00,3344
102/03/14,5509584,370064728,67.3,67.8,66.4,66.5,-0.50,3122
102/03/15,3075198,205525686,66.9,67.3,66.2,66.8,+0.30,1634
102/03/18,4157855,279698443,67.0,67.9,66.4,66.4,-0.40,2396
102/03/19,5403537,365291454,67.2,68.1,66.9,67.3,+0.90,2860
102/03/20,5552833,369590551,67.1,67.3,65.6,65.9,-1.40,3281
102/03/21,4670660,306978394,66.0,66.4,65.3,65.3,-0.60,3044
102/03/22,3892673,259209482,65.5,67.2,65.5,66.1,+0.80,2156
102/03/25,3642105,243615792,66.7,67.3,66.4,66.6,+0.50,1848
102/03/26,14776998,1035514955,67.1,71.2,67.1,71.2,+4.60,6305
102/03/27,15559632,1110910272,71.8,72.2,70.3,70.3,-0.90,7611
102/03/28,7779398,551273552,70.6,71.4,70.4,71.0,+0.70,3990
102/03/29,8321880,597451499,71.5,72.6,71.1,71.4,+0.40,4358
102/04/01,6322769,452201016,71.8,72.4,70.5,72.2,+0.80,3172
102/04/02,9697281,704881198,72.2,73.5,71.7,72.6,+0.40,4641
102/04/03,4139320,298819534,72.9,72.9,71.9,72.1,-0.50,2058
102/04/08,4691710,330056105,70.1,72.0,69.3,71.3,-0.80,2577
102/04/09,5128257,367637805,71.3,72.5,70.5,72.4,+1.10,2761
102/04/10,7635045,557594820,72.4,74.0,71.5,71.5,-0.90,4108
102/04/11,4365384,314579440,72.4,72.6,71.4,72.1,+0.60,2225
102/04/12,6919650,488275509,71.6,71.8,69.6,70.4,-1.70,3603
102/04/15,3719816,259116964,69.8,70.6,68.7,68.9,-1.50,2037
102/04/16,3518550,244448183,67.8,70.7,67.5,70.7,+1.80,2104
102/04/17,4170850,293855285,70.9,71.3,69.8,69.9,-0.80,2286
102/04/18,3468000,240421799,69.0,70.0,68.5,69.2,-0.70,2092
102/04/19,3906594,272885275,69.6,70.4,69.0,70.0,+0.80,2024
102/04/22,1834063,127677557,70.1,70.4,69.0,69.1,-0.90,1155
102/04/23,2934700,205351889,70.0,70.3,69.5,69.9,+0.80,1695
102/04/24,5871334,417875243,71.0,71.7,70.8,70.8,+0.90,3024
102/04/25,3008106,210803496,70.5,70.7,69.6,69.8,-1.00,1864
102/04/26,2937400,206912700,70.1,70.8,70.0,70.5,+0.70,1597
102/04/29,4328300,308428268,71.1,71.7,70.6,70.6,+0.10,2181
102/04/30,10513030,765644260,71.7,73.7,71.6,72.1,+1.50,5087
102/05/02,7349192,536438769,73.0,73.5,72.3,73.3,+1.20,3293
102/05/03,12262741,910062838,73.7,75.4,72.7,72.7,-0.60,6026
102/05/06,7430948,550371835,74.0,74.7,73.0,74.3,+1.60,3972
102/05/07,6000176,447343341,74.9,75.2,74.0,74.7,+0.40,3046
102/05/08,10411354,787198982,75.2,76.3,74.9,75.1,+0.40,4935
102/05/09,8455483,634891292,76.2,76.2,73.8,73.8,-1.30,4046
102/05/10,4633360,342860996,74.8,74.8,73.4,73.6,-0.20,2335
102/05/13,2761870,204127106,73.8,74.2,73.5,73.7,+0.10,1483
102/05/14,4004535,294635333,74.4,74.5,72.9,72.9,-0.80,2327
102/05/15,3052800,223791999,72.5,73.8,72.5,73.5,+0.60,1512
102/05/16,6345991,473793817,74.0,75.3,73.5,74.8,+1.30,3082
102/05/17,6219207,468449672,75.3,76.2,74.5,76.2,+1.40,2747
102/05/20,6007984,461169684,76.2,78.0,75.8,76.0,-0.20,2854
102/05/21,5202318,393489377,76.0,76.5,75.0,75.1,-0.90,2596
102/05/22,5151363,392107133,75.9,76.9,75.2,75.3,+0.20,2426
102/05/23,4348283,324831425,75.5,76.0,74.1,74.3,-1.00,2196
102/05/24,2120150,158074790,75.0,75.1,74.0,74.5,+0.20,1105
102/05/27,1506129,112968596,74.9,75.3,74.6,75.2,+0.70,900
102/05/28,4711389,358654099,75.5,76.7,75.5,76.0,+0.80,2360
102/05/29,5549603,425482209,77.2,77.2,76.2,76.5,+0.50,2408
102/05/30,2851335,217228527,76.5,76.9,75.5,76.1,-0.40,1393
102/05/31,4752274,364840227,77.0,77.5,75.8,77.5,+1.40,2174
102/06/03,2096500,160485150,76.5,77.0,76.2,76.9,-0.60,1118
102/06/04,2105701,160253764,76.9,76.9,75.6,75.7,-1.20,1165
102/06/05,2038709,154097714,75.4,76.2,75.2,75.2,-0.50,1186
102/06/06,6514730,474774768,75.0,75.2,71.7,72.0,-3.20,3453
102/06/07,2321453,167180196,72.2,72.7,71.1,72.1,+0.10,1376
102/06/10,5179938,387299659,73.7,75.5,73.5,74.7,+2.60,2667
102/06/11,2429050,181311520,75.4,75.4,74.1,74.2,-0.50,1529
102/06/13,3020850,223373350,75.5,75.5,72.7,72.9,-1.30,2066
102/06/14,3571559,257127582,73.4,73.5,70.8,72.4,-0.50,1873
102/06/17,2082816,150308352,72.0,72.8,71.2,71.8,-0.60,1350
102/06/18,1484222,107823216,72.0,73.2,72.0,72.5,+0.70,880
102/06/19,2461151,180881907,73.4,74.6,72.9,72.9,+0.40,1519
102/06/20,2278300,162257218,72.1,72.4,70.3,70.3,-2.60,1545
102/06/21,3053627,210041027,67.8,70.0,67.8,69.9,-0.40,1625
102/06/24,1562200,108974537,70.3,70.7,69.0,69.0,-0.90,1010
102/06/25,2540100,171303076,69.1,69.5,66.3,66.6,-2.40,1613
102/06/26,3126651,212978819,67.2,69.0,67.2,69.0,+2.40,1794
102/06/27,3289550,224961575,69.8,69.8,67.4,68.2,-0.80,1964
102/06/28,1890000,129517899,69.1,69.1,68.1,68.4,+0.20,1128
102/07/01,1214235,83983750,68.9,69.5,68.4,69.4,+1.00,820
102/07/02,1697201,118352467,69.9,70.5,68.9,68.9,-0.50,1044
102/07/03,1685050,115579540,69.5,69.8,68.0,68.0,-0.90,1074
102/07/04,4653900,307928379,68.1,68.4,64.3,64.6,-3.40,2633
102/07/05,2521100,166628780,65.6,67.0,65.0,67.0,+2.40,1657
102/07/08,2274200,153988300,66.4,69.0,66.4,66.8,-0.20,1379
102/07/09,1392600,93491760,67.1,67.7,66.7,67.0,+0.20,779
102/07/10,2746450,186323900,67.1,68.4,67.1,68.0,+1.00,1750
102/07/11,6050008,424275259,69.0,71.4,68.9,70.4,+2.40,3197
102/07/12,2717000,191864500,70.8,71.2,70.0,71.2,+0.80,1629
102/07/15,2776356,198337053,71.2,71.8,70.7,71.8,+0.60,1341
102/07/16,2544850,181673250,71.8,72.1,70.9,71.5,-0.30,1153
102/07/17,3321345,233775450,71.0,71.6,69.4,69.4,-2.10,1955
102/07/18,3036055,207719377,69.8,69.8,67.9,68.4,-1.00,1635
102/07/19,4574099,310503332,68.6,69.0,66.7,67.5,-0.90,2232
102/07/22,2705753,183194579,68.2,68.5,67.0,67.5, 0.00,1483
102/07/23,5825891,407518703,68.3,71.0,67.8,70.7,+3.20,2665
102/07/24,10112376,726654731,71.6,72.9,71.1,72.7,+2.00,4440
102/07/25,13171665,899594120,68.0,69.2,67.6,67.7,X0.00,5678
102/07/26,4551600,310272020,68.5,68.6,67.8,67.8,+0.10,2478
102/07/29,3926452,268816852,68.1,69.0,68.0,68.1,+0.30,1882
102/07/30,2531993,173573418,68.6,69.0,68.1,68.5,+0.40,1471
102/07/31,2330650,158613500,69.0,69.0,67.5,67.6,-0.90,1351
102/08/01,2768800,185099820,68.0,68.0,65.9,67.6, 0.00,1403
102/08/02,1893560,128588366,68.7,68.7,67.3,67.3,-0.30,1057
102/08/05,3720173,256341110,68.0,70.0,67.6,70.0,+2.70,2185
102/08/06,4303231,298499376,70.0,70.2,68.7,69.3,-0.70,2188
102/08/07,4028750,279826575,69.3,70.4,68.7,68.8,-0.50,2195
102/08/08,3001609,209082566,69.2,70.4,68.9,69.5,+0.70,1682
102/08/09,5469485,384661450,70.4,71.1,69.6,69.6,+0.10,2769
102/08/12,8782882,629729427,70.2,73.0,70.1,71.8,+2.20,3864
102/08/13,14516429,1082742175,73.5,75.4,72.7,75.0,+3.20,6744
102/08/14,10601733,806185236,77.0,77.0,75.5,75.5,+0.50,4939
102/08/15,4451880,335017234,75.0,75.9,74.6,74.6,-0.90,2479
102/08/16,4354000,328566796,75.3,76.1,74.8,75.5,+0.90,2310
102/08/19,4208900,314764170,76.0,76.0,74.1,74.1,-1.40,2136
102/08/20,6041550,453448375,75.0,76.1,74.0,74.1, 0.00,3262
102/08/22,20591903,1599238472,74.1,79.2,74.1,78.6,+4.50,9592
102/08/23,9603647,757329755,79.4,79.8,78.3,78.3,-0.30,4490
102/08/26,4124535,325791265,78.6,79.5,78.6,79.0,+0.70,1957
102/08/27,11300070,897380025,79.0,81.2,77.2,77.3,-1.70,5779
102/08/28,4139910,322489553,77.5,78.4,77.3,78.0,+0.70,2124
102/08/29,3649830,287468655,79.0,79.3,78.3,78.3,+0.30,1894
102/08/30,4004957,317156285,79.0,79.7,78.5,79.4,+1.10,2146
102/09/02,3621230,286500878,80.0,80.4,78.4,78.6,-0.80,2040
102/09/03,3032784,238859756,79.3,79.4,78.2,78.9,+0.30,1688
102/09/04,7968715,606042597,79.0,79.0,74.3,76.1,-2.80,4403
102/09/05,4272335,324943360,76.1,76.6,75.5,76.2,+0.10,3074
102/09/06,4405388,334063203,76.5,76.6,75.4,75.8,-0.40,2432
102/09/09,5088384,381798926,76.0,76.5,74.3,74.9,-0.90,3043
102/09/10,4562709,345240371,76.3,76.3,75.1,75.2,+0.30,2865
102/09/11,10309112,740464758,74.5,74.8,70.3,72.2,-3.00,5802
102/09/12,16472021,1155433072,70.4,71.0,68.9,70.8,-1.40,8236
102/09/13,6316337,449312274,71.3,71.5,70.7,71.1,+0.30,3724
102/09/14,2879782,203549471,71.1,71.4,69.9,71.2,+0.10,1794
102/09/16,7294048,535181104,72.9,74.2,72.6,73.0,+1.80,4011
102/09/17,4700347,338003284,72.0,72.3,71.3,72.0,-1.00,2484
102/09/18,3487550,250006138,71.3,72.1,71.3,71.6,-0.40,1817
102/09/23,3944016,282076342,72.2,72.2,70.8,71.5,-0.10,2309
102/09/24,6145183,447738592,73.0,73.7,72.2,72.2,+0.70,3287
102/09/25,2240547,161545452,72.9,72.9,71.7,71.9,-0.30,1350
102/09/26,3356306,241070612,72.8,72.8,71.3,71.3,-0.60,1639
102/09/27,3285010,232516500,71.9,71.9,69.8,71.0,-0.30,1805
102/09/30,1634318,115058079,70.0,70.7,70.0,70.3,-0.70,923
102/10/01,1608813,113285161,70.5,71.0,70.2,70.2,-0.10,944
102/10/02,2873444,204443557,71.5,71.5,70.7,71.4,+1.20,1596
102/10/03,7061371,516396901,72.8,74.0,72.6,72.6,+1.20,3787
102/10/04,2546547,184012421,72.8,72.9,71.8,71.9,-0.70,1552
102/10/07,3134834,223043201,71.8,72.7,70.2,70.4,-1.50,2031
102/10/08,3494687,249414274,71.4,72.0,70.9,71.3,+0.90,2120
102/10/09,2351455,167104605,71.5,71.7,70.5,71.3, 0.00,1495
102/10/11,3167019,227162238,73.0,73.0,70.8,70.8,-0.50,1785
102/10/14,8103906,545800807,70.8,70.8,65.9,66.7,-4.10,4293
102/10/15,4606950,308455530,67.5,67.9,65.6,67.4,+0.70,2654
102/10/16,4790350,325982235,65.9,69.0,65.9,68.1,+0.70,2257
102/10/17,3019010,205468880,68.1,68.6,67.4,68.0,-0.10,1600
102/10/18,2192417,150893603,68.5,69.3,68.2,69.2,+1.20,1233
102/10/21,3807063,266509697,69.2,70.5,68.7,69.9,+0.70,2012
102/10/22,6677567,477475730,70.4,72.2,70.2,70.8,+0.90,3091
102/10/23,2758387,194360907,71.5,71.7,69.7,69.8,-1.00,1695
102/10/24,1610555,113168597,69.8,70.7,69.8,70.1,+0.30,1021
102/10/25,1978922,140266206,71.0,71.4,70.3,70.3,+0.20,1353
102/10/28,2025596,143433189,71.1,71.5,70.2,70.4,+0.10,1301
102/10/29,1593000,111787400,70.8,70.8,69.8,69.9,-0.50,1038
102/10/30,2142105,150022950,70.1,70.6,69.7,70.0,+0.10,1306
102/10/31,2178636,150833684,70.1,70.4,68.8,69.0,-1.00,1346
102/11/01,5642617,380742979,69.2,69.4,66.8,67.2,-1.80,3166
102/11/04,1883550,127611706,67.2,68.1,67.0,68.0,+0.80,1174
102/11/05,1988172,135359420,68.3,68.6,67.6,68.2,+0.20,1265
102/11/06,1618402,110028436,68.5,68.7,67.4,68.0,-0.20,1057
102/11/07,2190116,149673973,68.0,68.8,67.8,68.8,+0.80,1226
102/11/08,4539899,317422642,69.2,70.7,69.0,69.0,+0.20,2689
102/11/11,1838552,128085051,69.9,70.3,69.1,69.3,+0.30,1149
102/11/12,2959656,203173060,70.0,70.0,67.6,68.7,-0.60,1758
102/11/13,1563200,106102856,68.3,68.5,67.6,67.7,-1.00,1045
102/11/14,3676093,253619072,68.7,69.9,68.2,68.6,+0.90,2289
102/11/15,1664255,114430259,69.1,69.4,68.4,68.4,-0.20,1134
102/11/18,2709506,183805902,68.7,69.1,67.5,67.5,-0.90,1658
102/11/19,2363676,161045228,67.7,68.7,67.5,68.2,+0.70,1462
102/11/20,2078337,140824572,68.2,68.3,67.6,67.6,-0.60,1157
102/11/21,4750028,315069076,67.0,67.3,65.8,66.6,-1.00,2618
102/11/22,4644995,315684854,67.3,68.4,67.2,68.2,+1.60,2510
102/11/25,1916526,131196521,68.8,69.0,68.0,68.3,+0.10,1142
102/11/26,2169296,148060651,68.3,68.5,67.8,68.3, 0.00,1009
102/11/27,3047802,210285692,68.8,69.4,68.3,68.7,+0.40,1690
102/11/28,6803600,478302500,69.8,70.8,69.3,70.0,+1.30,3538
102/11/29,7234750,516814489,70.5,71.8,70.4,71.3,+1.30,3386
102/12/02,3983266,286275512,72.3,72.8,71.3,71.5,+0.20,2368
102/12/03,2994592,213184467,71.4,71.8,70.8,71.7,+0.20,1808
102/12/04,5092603,366360367,71.1,72.5,71.1,71.7, 0.00,2514
102/12/05,5167826,371138516,72.5,72.6,71.1,71.1,-0.60,2758
102/12/06,4847526,348961772,71.1,72.4,71.1,72.0,+0.90,2513
102/12/09,6530390,467356059,72.6,72.7,70.6,71.2,-0.80,3452
102/12/10,5388100,385463804,72.0,72.4,71.0,71.1,-0.10,2755
102/12/11,3808700,271616317,72.0,72.1,70.6,70.7,-0.40,2121
102/12/12,2105486,149155402,70.7,71.4,70.1,70.9,+0.20,1153
102/12/13,2261707,161405397,71.3,71.6,70.9,71.2,+0.30,1456
102/12/16,2062519,145465279,71.0,71.6,70.1,70.2,-1.00,1280
102/12/17,2083661,147170263,71.0,71.0,70.3,70.3,+0.10,1288
102/12/18,7915629,571419821,71.0,72.8,70.9,72.5,+2.20,4022
102/12/19,6896103,504699059,73.1,73.8,72.5,72.5, 0.00,3428
102/12/20,3763839,274959758,72.8,73.5,72.6,73.1,+0.60,1914
102/12/23,4165178,305372185,74.0,74.4,72.3,73.8,+0.70,2075
102/12/24,4540787,334603005,74.4,74.4,73.2,73.3,-0.50,2314
102/12/25,2391882,174327889,73.4,73.7,72.6,72.9,-0.40,1279
102/12/26,2598954,189729647,72.8,73.5,72.5,72.7,-0.20,1288
102/12/27,3409948,249300407,73.4,73.7,72.7,72.8,+0.10,1773
102/12/30,4947591,357117552,73.0,73.4,71.8,72.0,-0.80,2402
102/12/31,6088784,435615262,72.5,72.6,70.9,71.8,-0.20,2681
103/01/02,6051631,442353707,72.2,73.7,71.9,73.4,+1.60,3042
103/01/03,3460691,253768999,73.7,73.7,72.8,72.8,-0.60,1851
103/01/06,2106176,152798398,73.0,73.3,72.1,72.2,-0.60,1285
103/01/07,5674604,418401906,72.5,74.2,72.5,73.8,+1.60,3151
103/01/08,12303933,930321215,74.5,76.5,74.2,75.9,+2.10,6232
103/01/09,16304514,1266807696,77.0,78.5,76.4,76.9,+1.00,7360
103/01/10,7402641,575608232,78.0,78.5,77.2,77.6,+0.70,3621
103/01/13,5102612,395857734,78.5,78.6,76.9,77.3,-0.30,2764
103/01/14,3308431,256596795,77.5,78.0,77.0,77.7,+0.40,1489
103/01/15,4671871,364342699,78.3,78.5,77.6,77.7, 0.00,2207
103/01/16,3299455,255299738,78.2,78.3,76.5,76.6,-1.10,2020
103/01/17,2767461,213393297,76.6,77.8,76.4,77.0,+0.40,1710
103/01/20,6781494,536181956,77.5,80.0,77.2,78.8,+1.80,3385
103/01/21,3226440,253683165,79.2,79.6,78.0,78.0,-0.80,1840
103/01/22,2517597,197017338,78.2,78.8,77.6,77.8,-0.20,1530
103/01/23,4862715,373677199,78.5,78.6,76.0,76.1,-1.70,2542
103/01/24,3071702,235060102,76.1,77.0,76.0,76.9,+0.80,1569
103/01/27,3312929,251508204,75.7,76.6,75.1,75.7,-1.20,1463
103/02/05,3694235,269141068,71.9,73.9,71.8,73.4,-2.30,2069
103/02/06,2296413,169165308,73.5,74.5,73.0,73.4, 0.00,1422
103/02/07,2738952,201929251,73.9,74.2,73.2,73.8,+0.40,1469
103/02/10,2017940,150040862,74.3,74.9,73.9,73.9,+0.10,1209
103/02/11,2286150,167374106,73.8,74.1,72.8,73.5,-0.40,1284
103/02/12,3833555,283073448,73.7,74.5,73.5,73.6,+0.10,1882
103/02/13,2529965,187741803,73.8,74.6,73.8,74.2,+0.60,1369
103/02/14,2526676,188308688,75.0,75.1,73.9,74.2, 0.00,1417
103/02/17,1793721,133102942,74.8,74.8,73.6,73.6,-0.60,921
103/02/18,2398956,175901474,74.0,74.0,72.9,73.1,-0.50,1228
103/02/19,2395799,177047780,73.4,74.5,73.0,74.5,+1.40,1905
103/02/20,1860900,138442687,74.5,74.6,74.0,74.3,-0.20,1259
103/02/21,2989716,225303300,75.0,75.8,74.8,75.3,+1.00,1579
103/02/24,3267748,242330918,75.1,75.1,73.6,73.6,-1.70,1660
103/02/25,1394019,102913194,74.4,74.4,73.5,73.6, 0.00,999
103/02/26,2239445,165894904,73.6,74.6,73.6,73.6, 0.00,1214
103/02/27,2332852,172757099,73.9,74.4,73.6,74.4,+0.80,1309
103/03/03,5115195,373498135,74.0,74.0,72.8,72.8,-1.60,2645
103/03/04,4324263,310974900,72.3,72.8,71.4,71.7,-1.10,2432
103/03/05,2943657,212451761,72.7,72.7,71.9,72.2,+0.50,1316
103/03/06,3069395,221939340,72.2,72.9,72.0,72.0,-0.20,1656
103/03/07,5231239,380531247,72.1,73.7,72.0,73.2,+1.20,2354
103/03/10,3493264,254114993,73.5,73.5,72.2,73.1,-0.10,1807
103/03/11,2509060,182603452,73.5,73.5,72.3,72.6,-0.50,1740
103/03/12,2464050,177903500,72.4,72.9,71.9,72.0,-0.60,1591
103/03/13,2585550,186932405,72.2,72.8,72.0,72.2,+0.20,1689
103/03/14,1649450,118800790,72.0,72.2,71.8,72.0,-0.20,1051
103/03/17,2010014,145944622,72.1,73.2,72.0,73.0,+1.00,1320
103/03/18,1866913,136497272,73.9,73.9,72.7,72.9,-0.10,1164
103/03/19,2554918,186476114,73.3,73.3,72.6,73.0,+0.10,1292
103/03/20,3472392,255001070,73.0,73.8,72.6,73.7,+0.70,1985
103/03/21,2607401,192326109,74.0,74.5,73.0,73.9,+0.20,1428
103/03/24,2886616,211593058,73.1,73.9,72.2,73.8,-0.10,1423
103/03/25,8529769,646982566,73.6,76.8,73.6,76.8,+3.00,4156
103/03/26,10268526,799908259,78.2,78.7,77.2,77.6,+0.80,4801
103/03/27,5005247,386779814,77.6,78.2,76.6,77.7,+0.10,2637
103/03/28,4597211,355809899,78.0,78.3,76.7,76.8,-0.90,2467
103/03/31,4124058,320116924,77.7,78.1,77.0,78.1,+1.30,1972
103/04/01,4113404,319849823,78.4,78.4,77.3,77.6,-0.50,1960
103/04/02,12109077,960306317,78.5,80.3,78.0,79.9,+2.30,5411
103/04/03,5298057,423460430,80.2,80.4,79.5,80.0,+0.10,2458
103/04/07,2482885,197470542,79.8,79.9,79.0,79.9,-0.10,1512
103/04/08,12310975,1026577600,80.4,85.0,80.3,84.3,+4.40,6680
103/04/09,10734964,909208376,85.0,85.8,83.7,83.9,-0.40,5407
103/04/10,6938970,576839710,84.1,84.6,81.8,83.0,-0.90,3314
103/04/11,7106208,578847866,82.5,82.5,80.5,82.1,-0.90,3997
103/04/14,8816263,740514092,82.8,85.0,82.3,84.0,+1.90,4721
103/04/15,16485697,1446873924,85.8,89.8,84.6,88.0,+4.00,8321
103/04/16,5796518,505899766,88.3,88.3,86.5,87.0,-1.00,3474
103/04/17,8679324,773208362,87.7,90.7,87.2,87.3,+0.30,4745
103/04/18,3044143,266763784,87.9,88.6,86.7,88.0,+0.70,1657
103/04/21,10276783,939537137,89.8,93.3,88.6,92.5,+4.50,4909
103/04/22,6169307,566988183,92.9,93.0,91.1,91.2,-1.30,3079
103/04/23,6941842,634964915,92.1,93.7,89.6,90.3,-0.90,4132
103/04/24,5705592,512947136,91.3,91.8,88.4,89.6,-0.70,3332
103/04/25,11056026,974383474,89.6,92.0,85.1,88.5,-1.10,5777
103/04/28,5863301,516465407,88.1,89.8,86.8,88.1,-0.40,3318
103/04/29,10497806,954089146,89.5,91.8,88.7,91.0,+2.90,5031
103/04/30,8103084,719829943,91.0,91.0,87.3,87.5,-3.50,4441
103/05/02,3821376,337880864,88.8,89.5,87.2,89.0,+1.50,2205
103/05/05,10903221,1005599280,90.7,93.4,90.2,92.5,+3.50,5315
103/05/06,4009452,366730260,91.0,92.7,90.4,91.4,-1.10,2468
103/05/07,4306050,388329100,91.0,91.3,89.5,90.0,-1.40,2399
103/05/08,3071397,277831264,90.0,91.3,89.8,90.1,+0.10,1926
103/05/09,3389544,304818216,91.6,91.6,89.0,89.0,-1.10,1916
103/05/12,3423900,301189550,89.0,89.9,86.5,88.5,-0.50,1967
103/05/13,6398677,557202646,90.0,90.0,85.5,85.6,-2.90,3589
103/05/14,4150590,353351903,85.6,86.8,84.0,86.8,+1.20,2543
103/05/15,2055570,179152204,86.8,87.8,86.1,87.0,+0.20,1504
103/05/16,1958399,171139246,87.0,88.1,86.3,88.1,+1.10,1296
103/05/19,2192247,194704359,88.5,89.4,88.2,88.5,+0.40,1373
103/05/20,3029057,269320048,89.6,89.6,88.3,88.6,+0.10,1872
103/05/21,2236720,195945540,88.0,88.4,86.8,86.8,-1.80,1247
103/05/22,5042324,451938979,88.5,90.6,87.7,90.4,+3.60,2877
103/05/23,4069391,367771326,91.0,91.2,89.8,90.1,-0.30,2228
103/05/26,4030904,368775587,91.3,92.2,90.5,90.7,+0.60,2131
103/05/27,2205931,199520990,90.7,91.5,90.0,90.0,-0.70,1245
103/05/28,2572808,234187028,91.0,91.5,90.4,91.3,+1.30,1510
103/05/29,2015768,183543659,91.5,91.8,90.4,91.3, 0.00,1358
103/05/30,7541501,703073794,92.0,94.4,91.1,94.4,+3.10,2632
103/06/03,4970417,468957306,94.8,95.8,93.7,94.0,-0.40,2544
103/06/04,3766567,355784309,95.0,95.5,93.7,93.7,-0.30,1953
103/06/05,3051630,286856983,94.5,94.9,93.3,94.0,+0.30,1563
103/06/06,9865302,957464010,94.8,98.6,94.7,96.9,+2.90,5160
103/06/09,2823150,271386264,97.0,97.4,95.0,96.1,-0.80,1867
103/06/10,3306132,318588151,96.8,98.0,95.1,95.9,-0.20,2122
103/06/11,1712800,165026575,96.3,96.9,95.9,96.2,+0.30,1179
103/06/12,2550632,246098614,96.9,97.6,95.7,95.7,-0.50,1558
103/06/13,1871896,179951141,95.5,97.4,95.4,95.7, 0.00,1207
103/06/16,3936620,379940393,96.1,97.2,95.4,97.1,+1.40,2152
103/06/17,2404697,232660415,97.3,98.1,96.2,96.3,-0.80,1645
103/06/18,4076557,386192258,97.3,97.3,93.8,93.9,-2.40,2590
103/06/19,3566828,340466670,94.9,96.3,94.5,95.5,+1.60,1814
103/06/20,4867702,468184157,96.3,97.7,95.1,95.1,-0.40,2213
103/06/23,3124733,295887016,95.2,96.0,93.7,94.6,-0.50,1771
103/06/24,1932544,183134008,95.0,95.3,94.0,95.0,+0.40,1205
103/06/25,6563640,628417800,95.0,97.7,94.0,95.0, 0.00,2661
103/06/26,3506343,335227554,95.8,96.5,95.0,95.5,+0.50,1827
103/06/27,1613764,154855044,95.7,96.4,95.6,96.3,+0.80,1051
103/06/30,4191682,411304663,96.5,98.9,96.5,98.3,+2.00,2206
103/07/01,6616022,663786771,99.2,102.0,99.1,99.5,+1.20,3258
103/07/02,4041132,399671495,101.5,101.5,96.4,98.5,-1.00,2358
103/07/03,1551298,152751751,98.5,98.9,98.0,98.5, 0.00,1073
103/07/04,2558011,252103370,99.0,99.9,97.4,97.5,-1.00,1463
103/07/07,1938364,188474185,97.5,97.9,96.4,97.5, 0.00,1240
103/07/08,2638902,255435829,97.8,97.9,96.3,97.1,-0.40,1746
103/07/09,1430851,139497772,97.8,97.9,97.1,97.9,+0.80,983
103/07/10,4325273,429527800,98.0,100.5,97.1,100.0,+2.10,2598
103/07/11,3988359,395601114,100.0,100.5,97.8,98.8,-1.20,2442
103/07/14,3071800,306152800,100.0,101.0,98.8,99.0,+0.20,1861
103/07/15,1965013,194225680,100.0,100.0,98.0,98.9,-0.10,1302
103/07/16,1820950,178676717,99.4,99.5,97.5,97.6,-1.30,1283
103/07/17,3927350,376872750,97.6,98.3,94.7,95.0,-2.60,2302
103/07/18,2945343,281292785,94.0,96.6,94.0,95.0, 0.00,1624
103/07/21,2701697,262986209,96.6,98.4,96.1,97.0,+2.00,1591
103/07/22,1507312,146157469,97.0,98.0,96.4,97.0, 0.00,939
103/07/24,2841650,275372050,97.9,98.4,95.7,96.0,-1.00,1785
103/07/25,2167905,206086375,96.0,96.3,94.6,95.0,-1.00,1538
103/07/28,2665702,249970735,94.0,95.0,92.6,93.3,-1.70,1396
103/07/29,5903890,535543538,94.4,95.2,88.5,89.6,-3.70,3274
103/07/30,3125917,283311967,89.7,92.1,89.7,90.7,+1.10,1957
103/07/31,1256160,114145626,90.9,91.7,90.0,90.8,+0.10,884
103/08/01,1940066,176412472,89.0,92.5,88.9,92.0,+1.20,1225
103/08/04,1546250,141987723,92.1,92.2,91.2,92.0, 0.00,964
103/08/05,1824708,164844174,92.0,92.0,89.9,90.0,-2.00,1189
103/08/06,2182850,196438600,90.2,91.1,89.0,90.0, 0.00,1221
103/08/07,1383830,124482400,90.0,90.7,89.5,90.0, 0.00,820
103/08/08,3794575,334101132,90.0,90.0,86.9,88.6,-1.40,1845
103/08/11,3065350,279084800,89.4,91.6,88.6,91.6,+3.00,1494
103/08/12,5425176,506964623,91.8,94.4,91.0,93.9,+2.30,2559
103/08/13,2659942,250344736,94.0,94.5,93.6,94.2,+0.30,1512
103/08/14,4654315,440076524,95.0,96.3,92.7,92.8,-1.40,2678
103/08/15,2021917,189059081,93.4,94.4,92.8,93.0,+0.20,1267
103/08/18,1793332,166246076,93.2,94.0,91.8,93.0, 0.00,1120
103/08/19,2180894,206720030,94.4,95.8,93.6,95.0,+2.00,1296
103/08/20,2854016,268159395,96.0,96.0,92.7,93.5,-1.50,1802
103/08/21,2112015,195054895,93.5,93.5,91.1,92.7,-0.80,1344
103/08/22,1593739,150153559,92.9,94.7,92.9,94.4,+1.70,1129
103/08/25,2449432,234080255,95.0,96.2,93.8,95.5,+1.10,1501
103/08/26,2360801,226994197,96.1,96.6,95.5,95.6,+0.10,1504
103/08/27,2206845,210654686,96.0,96.3,94.8,95.0,-0.60,1359
103/08/28,2381439,226858233,95.0,95.8,94.5,95.3,+0.30,1264
103/08/29,7131980,691255514,95.3,98.8,95.3,98.8,+3.50,3107
103/09/01,5434402,534209128,99.0,99.5,97.7,98.1,-0.70,2641
103/09/02,5608831,519620352,95.0,95.0,91.7,92.0,X0.00,3131
103/09/03,3008343,277774125,93.0,93.4,91.4,92.2,+0.20,2007
103/09/04,3139267,286650928,91.0,91.9,90.8,91.5,-0.70,1737
103/09/05,3289724,299227428,91.7,92.8,90.1,91.0,-0.50,1508
103/09/09,3660509,339728831,91.5,93.3,91.5,93.0,+2.00,1806
103/09/10,2288300,208482685,92.8,92.8,90.3,91.3,-1.70,1366
103/09/11,2961224,272267660,91.9,92.6,91.2,91.8,+0.50,1555
103/09/12,4548523,406090900,91.8,91.8,87.8,88.8,-3.00,2470
103/09/15,2955002,264942580,87.6,90.4,87.5,90.4,+1.60,1791
103/09/16,3419401,306813891,90.9,90.9,88.9,89.2,-1.20,1936
103/09/17,2516652,226172811,89.6,90.5,89.3,89.4,+0.20,1630
103/09/18,1518057,136692138,90.3,90.4,89.5,90.2,+0.80,1016
103/09/19,2872560,259581671,90.5,91.4,89.6,89.6,-0.60,1660
103/09/22,2307907,208367874,90.0,90.8,89.7,90.0,+0.40,1469
103/09/23,2018662,180857580,90.2,91.2,88.7,88.8,-1.20,1182
103/09/24,2004026,177782902,89.2,89.7,88.0,88.6,-0.20,1191
103/09/25,3302299,288028890,89.1,89.4,85.3,86.0,-2.60,1673
103/09/26,3219465,272327848,85.0,85.5,83.0,85.3,-0.70,1613
103/09/29,2178623,189077711,86.5,87.6,85.6,86.7,+1.40,1302
103/09/30,3332505,287706991,86.3,88.1,84.9,88.1,+1.40,1851
103/10/01,2176150,192055173,87.2,88.8,86.9,88.6,+0.50,1402
103/10/02,1754351,154322339,87.5,89.0,87.0,89.0,+0.40,1255
103/10/03,2365364,211455740,89.0,90.0,88.4,89.4,+0.40,1289
103/10/06,2343902,207284576,89.0,89.5,88.0,88.0,-1.40,1496
103/10/07,1860755,162621689,88.0,88.0,86.6,87.1,-0.90,1138
103/10/08,6001245,530094637,88.9,89.9,86.7,86.7,-0.40,3335
103/10/09,3642352,314947719,88.2,88.2,85.3,85.3,-1.40,1818
103/10/13,4678572,384912576,81.8,84.0,81.2,82.8,-2.50,2694
103/10/14,2734000,225586195,83.0,83.6,81.4,83.0,+0.20,1694
103/10/15,9905060,782626744,82.0,82.3,77.2,80.0,-3.00,4962
103/10/16,5505352,438015314,79.8,80.7,78.1,79.4,-0.60,2899
103/10/17,5948556,459714690,79.5,80.0,75.1,75.7,-3.70,2953
103/10/20,3854216,304482309,78.0,80.3,77.0,79.7,+4.00,2353
103/10/21,2688688,215060228,80.1,80.7,79.1,79.4,-0.30,1478
103/10/22,2573499,208224418,81.4,81.7,80.3,80.6,+1.20,1461
103/10/23,1634205,132238305,81.1,81.4,80.2,81.0,+0.40,940
103/10/24,2328100,185181100,81.2,81.5,78.6,78.7,-2.30,1567
103/10/27,2261901,175375117,78.9,79.6,76.2,76.8,-1.90,1386
103/10/28,3211415,252639100,77.5,79.5,77.5,79.2,+2.40,1864
103/10/29,3803430,308264630,80.1,82.0,79.6,81.3,+2.10,2364
103/10/30,1868700,150511750,81.0,81.2,80.0,81.1,-0.20,1253
103/10/31,2875252,236309720,82.0,83.3,81.1,83.3,+2.20,1638
103/11/03,4168031,352407220,83.3,85.5,82.7,84.7,+1.40,2338
103/11/04,3569525,296488964,84.7,84.7,82.2,82.2,-2.50,2097
103/11/05,2567044,209279698,81.9,82.6,81.1,81.7,-0.50,1654
103/11/06,1122400,91307000,82.2,82.2,80.8,80.8,-0.90,793
103/11/07,2214750,183044450,82.2,83.5,81.6,82.7,+1.90,1330
103/11/10,1399352,115993316,83.5,83.5,82.5,82.7, 0.00,1023
103/11/11,3046570,254460805,83.3,84.3,82.7,83.7,+1.00,1762
103/11/12,2757500,229656700,83.7,84.0,82.7,82.8,-0.90,1520
103/11/13,1954821,163514795,83.5,84.1,83.1,84.0,+1.20,1284
103/11/14,2093505,176599717,84.0,85.0,83.5,84.4,+0.40,1269
103/11/17,2151870,179457610,84.9,85.2,82.6,82.8,-1.60,1306
103/11/18,1884200,154344579,83.3,83.5,81.0,81.9,-0.90,1182
103/11/19,1565856,129752116,82.5,83.2,82.1,83.2,+1.30,905
103/11/20,1781806,148764101,83.2,84.0,83.1,83.4,+0.20,1026
103/11/21,2653506,221663047,83.6,84.5,82.8,82.8,-0.60,1774
103/11/24,1979850,165618473,83.5,84.2,82.9,83.5,+0.70,1340
103/11/25,4090749,336311590,83.5,83.5,81.4,82.9,-0.60,2226
103/11/26,2137769,178029827,83.2,83.8,82.6,82.9, 0.00,1335
103/11/27,1913678,160240812,83.5,84.3,83.4,83.6,+0.70,1110
103/11/28,1156862,96692488,84.2,84.3,83.3,83.4,-0.20,749
103/12/01,1737562,142778407,81.5,82.8,81.2,82.8,-0.60,1094
103/12/02,3009984,244548195,82.0,82.4,80.5,81.3,-1.50,1904
103/12/03,3032532,250396788,81.7,83.4,81.3,83.4,+2.10,1935
103/12/04,10642604,909328576,84.3,86.7,83.6,86.3,+2.90,4820
103/12/05,4631616,397401876,86.3,86.3,85.1,86.2,-0.10,2113
103/12/08,5249317,453498375,86.0,87.5,85.3,85.4,-0.80,2807
103/12/09,4094405,351378968,85.3,87.0,85.1,86.0,+0.60,2369
103/12/10,5930901,511434264,86.0,87.6,84.8,86.2,+0.20,3091
103/12/11,2850490,245882292,85.8,86.9,85.7,86.1,-0.10,1504
103/12/12,3619285,314158379,86.8,87.8,85.9,85.9,-0.20,2030
103/12/15,3126550,264018550,85.2,85.4,84.0,84.7,-1.20,1918
103/12/16,3265031,277394821,84.6,85.7,84.2,85.0,+0.30,1676
103/12/17,2587398,217320730,84.6,85.1,83.1,83.1,-1.90,1437
103/12/18,2138724,180140902,83.7,84.9,83.6,84.3,+1.20,1149
103/12/19,2431360,205133347,85.2,85.5,83.2,83.2,-1.10,1220
103/12/22,1433252,120811894,84.5,84.8,83.6,84.8,+1.60,867
103/12/23,1350547,114987119,85.2,85.9,84.5,84.5,-0.30,654
103/12/24,1421000,120181800,85.0,85.1,84.2,84.8,+0.30,967
103/12/25,690750,58391398,85.2,85.2,84.2,84.3,-0.50,453
103/12/26,787355,66240626,84.7,84.7,83.8,84.1,-0.20,492
103/12/27,1678782,141388107,83.2,84.9,83.2,84.0,-0.10,869
103/12/29,1352083,114310094,84.6,85.2,84.1,84.1,+0.10,855
103/12/30,2188613,185736405,84.5,85.4,84.2,84.8,+0.70,993
103/12/31,1099586,93331867,84.8,85.2,84.4,85.0,+0.20,620
104/01/05,1451512,123382423,84.9,85.6,84.1,85.4,+0.40,838
104/01/06,2673300,223639117,84.3,84.7,83.1,83.3,-2.10,1572
104/01/07,3713268,310233369,83.3,84.6,82.7,84.5,+1.20,1885
104/01/08,4603070,394525881,85.5,86.2,85.2,85.6,+1.10,2170
104/01/09,4861037,418193373,86.8,86.8,85.2,86.2,+0.60,2030
104/01/12,7628752,670219595,86.2,88.7,85.7,87.8,+1.60,3338
104/01/13,7267280,644025349,88.0,89.2,87.8,88.6,+0.80,3346
104/01/14,3632362,322018561,89.1,89.1,88.2,88.4,-0.20,1573
104/01/15,3746000,333408700,88.4,89.8,88.3,88.7,+0.30,1563
104/01/16,2579203,225417399,88.7,89.0,86.4,87.5,-1.20,1530
104/01/19,2848625,250007936,88.5,88.9,86.6,86.7,-0.80,1338
104/01/20,1937509,169776880,87.0,88.1,87.0,88.1,+1.40,962
104/01/21,3576515,318887432,88.2,89.8,88.0,89.4,+1.30,2087
104/01/22,1830303,162907772,90.0,90.0,88.6,88.8,-0.60,1128
104/01/23,7949004,721158160,89.9,92.0,89.5,90.1,+1.30,3994
104/01/26,2767140,249056600,90.1,90.8,89.5,90.0,-0.10,1528
104/01/27,1923845,173370895,91.2,91.2,89.7,90.2,+0.20,795
104/01/28,2149662,193881944,90.0,91.1,89.3,90.6,+0.40,1308
104/01/29,1606950,145787475,91.0,91.2,90.3,90.5,-0.10,1025
104/01/30,1781988,160161524,90.5,91.3,89.3,89.3,-1.20,1044
104/02/02,1384939,123687187,89.8,90.2,88.6,89.2,-0.10,859
104/02/03,1927274,173741385,90.0,91.0,89.4,90.1,+0.90,1117
104/02/04,2132740,194892458,90.4,92.0,90.3,91.5,+1.40,1283
104/02/05,1271300,115639080,91.7,92.0,90.4,90.9,-0.60,902
104/02/06,1560862,140603961,91.4,91.4,89.6,89.8,-1.10,1151
104/02/09,903900,81192830,90.1,90.2,89.5,89.6,-0.20,520
104/02/10,2110316,189416318,90.3,90.5,89.4,89.6, 0.00,1209
104/02/11,1858525,167402391,90.5,90.5,89.4,90.1,+0.50,954
104/02/12,6073962,561167578,90.1,93.1,90.1,92.4,+2.30,3379
104/02/13,4077302,377158092,92.4,93.5,91.5,92.1,-0.30,2031
104/02/24,4055381,380359980,95.0,95.0,92.9,93.5,+1.40,2188
104/02/25,12905118,1242598910,95.0,99.0,94.8,95.2,+1.70,6222
104/02/26,8266381,802668050,97.5,98.0,96.2,97.9,+2.70,4564
104/03/02,6273300,621327343,99.8,100.0,98.0,99.5,+1.60,3567
104/03/03,15573579,1576870251,101.0,103.0,99.8,102.0,+2.50,6681
104/03/04,6007046,610767646,102.0,103.0,100.0,101.0,-1.00,3274
104/03/05,7535450,774634061,102.0,104.0,100.5,103.5,+2.50,3817
104/03/06,6449474,673420744,101.0,107.0,101.0,106.5,+3.00,3748
104/03/09,4811650,508927900,106.5,107.5,104.0,106.0,-0.50,2469
104/03/10,4893355,510265565,105.0,105.5,103.5,103.5,-2.50,2777
104/03/11,4685160,487270397,103.0,105.0,102.5,103.0,-0.50,2302
104/03/12,6027207,633381626,103.5,106.5,103.5,104.5,+1.50,2815
104/03/13,2825660,297501800,105.0,106.0,104.5,105.0,+0.50,1444
104/03/16,3177288,327132876,105.5,105.5,101.5,102.5,-2.50,1967
104/03/17,3380718,346033873,103.5,104.0,101.5,101.5,-1.00,2072
104/03/18,6050097,630258631,101.5,105.0,101.5,104.5,+3.00,2865
104/03/19,5791805,607497720,105.0,106.0,103.5,104.5, 0.00,2468
104/03/20,6076793,632419972,103.0,105.5,101.5,104.5, 0.00,2730
104/03/23,2251774,235429722,106.0,106.0,103.0,103.0,-1.50,1333
104/03/24,2987512,308391979,102.5,104.0,102.0,103.0, 0.00,1276
104/03/25,4007251,407033222,102.5,102.5,100.5,101.0,-2.00,1867
104/03/26,4257707,427203046,100.0,101.5,99.3,101.0, 0.00,2474
104/03/27,2069239,207103923,101.0,101.5,99.5,99.7,-1.30,1181
104/03/30,1310707,131153700,101.0,101.5,99.7,99.9,+0.20,995
104/03/31,2864839,289046156,101.0,102.0,100.0,102.0,+2.10,1546
104/04/01,2110862,211068414,100.5,101.5,99.1,99.1,-2.90,1370
104/04/02,9728261,1019170529,100.5,106.0,100.0,106.0,+6.90,3974
104/04/07,7218452,781169533,105.0,111.5,104.5,109.0,+3.00,4053
104/04/08,5561996,586004080,109.0,109.0,104.0,104.0,-5.00,3334
104/04/09,5159997,531261197,104.5,106.0,101.0,101.5,-2.50,2885
104/04/10,8103098,840134331,104.0,105.5,102.5,105.5,+4.00,3192
104/04/13,6213084,660249572,106.0,108.0,105.5,108.0,+2.50,2788
104/04/14,6858474,749650978,108.5,112.0,106.5,106.5,-1.50,3984
104/04/15,4145051,443785430,108.0,108.5,106.0,106.5, 0.00,2085
104/04/16,5633924,601766782,109.5,109.5,105.0,105.5,-1.00,2641
104/04/17,4056134,423077866,106.0,107.5,102.5,103.5,-2.00,2579
104/04/20,11628030,1181910075,102.5,103.5,100.0,101.5,-2.00,3042
104/04/21,6042747,607931696,102.5,103.5,97.5,101.0,-0.50,2936
104/04/22,8044694,838184176,100.0,105.5,100.0,104.0,+3.00,3981
104/04/23,12244180,1340683980,106.0,111.0,105.5,111.0,+7.00,4930
104/04/24,12382873,1408795022,112.0,115.0,112.0,114.5,+3.50,5394
104/04/27,4187686,479071044,116.0,116.5,114.0,114.5, 0.00,2342
104/04/28,5810378,672835970,116.5,119.5,112.5,115.0,+0.50,2818
104/04/29,6758557,737533368,115.0,115.0,107.0,107.5,-7.50,3202
104/04/30,7287578,777366846,108.5,108.5,105.0,107.0,-0.50,3932
104/05/04,5364915,589818980,108.5,112.0,108.5,112.0,+5.00,2671
104/05/05,2476092,277839255,113.5,114.0,111.0,111.5,-0.50,1354
104/05/06,2888894,321552022,111.0,113.0,109.5,113.0,+1.50,1687
104/05/07,3981470,432452022,111.0,112.0,107.5,107.5,-5.50,2325
104/05/08,6906337,728455878,109.5,110.5,102.0,103.0,-4.50,3322
104/05/11,3790680,399038419,106.0,107.0,103.0,106.5,+3.50,2113
104/05/12,2358552,251241564,106.0,107.5,104.5,107.0,+0.50,1218
104/05/13,2771945,293381140,107.0,107.5,104.5,105.5,-1.50,1598
104/05/14,3445295,367747770,107.0,109.0,105.0,105.0,-0.50,1927
104/05/15,3781335,389328005,106.0,106.0,101.5,103.0,-2.00,2404
104/05/18,5687408,612417265,104.5,110.0,104.0,108.5,+5.50,2608
104/05/19,3584793,391197937,108.0,110.5,107.0,109.0,+0.50,2077
104/05/20,4831555,531732716,110.0,111.5,108.5,108.5,-0.50,2469
104/05/21,2548949,277575890,107.5,110.0,106.5,110.0,+1.50,1469
104/05/22,7610354,850020586,110.0,114.5,109.0,109.0,-1.00,3705
104/05/25,3963824,442412788,109.5,113.0,109.0,112.0,+3.00,2157
104/05/26,4804550,530516275,110.0,112.0,109.0,110.5,-1.50,2030
104/05/27,7107750,775867750,109.0,111.0,108.0,109.0,-1.50,3197
104/05/28,4791663,530233430,110.0,112.0,110.0,110.0,+1.00,2496
104/05/29,6087192,666822981,111.5,111.5,109.0,109.0,-1.00,2054
104/06/01,4431221,479131089,109.0,110.0,106.5,109.0, 0.00,1822
104/06/02,4865688,539230836,109.5,113.0,109.0,109.5,+0.50,2207
104/06/03,5155161,572971129,109.5,112.5,109.5,109.5, 0.00,2460
104/06/04,6706952,732798768,111.0,111.5,107.5,109.0,-0.50,2645
104/06/05,4174296,449255911,109.5,110.5,105.5,109.5,+0.50,1761
104/06/08,2959998,327713777,110.0,112.0,109.5,110.5,+1.00,1796
104/06/09,5353509,573942195,111.5,111.5,104.0,105.5,-5.00,2817
104/06/10,5162425,541957911,105.5,107.5,102.5,104.5,-1.00,2914
104/06/11,4935859,528262413,105.0,109.0,105.0,107.0,+2.50,2359
104/06/12,3340450,361390375,107.0,109.0,106.5,108.0,+1.00,1395
104/06/15,4138790,433775660,107.5,108.0,103.0,104.0,-4.00,2319
104/06/16,4596805,467467710,103.5,104.5,99.9,102.5,-1.50,2601
104/06/17,2546259,265286936,103.5,105.0,102.5,104.0,+1.50,1779
104/06/18,3122746,326229457,104.0,105.5,103.5,104.5,+0.50,1350
104/06/22,5246786,569996065,104.5,111.0,104.5,109.5,+5.00,2639
104/06/23,2832784,312183062,110.5,111.5,109.0,109.0,-0.50,1620
104/06/24,1202055,132029550,110.5,110.5,109.0,110.0,+1.00,841
104/06/25,6738248,763995272,111.0,115.0,111.0,114.0,+4.00,3846
104/06/26,3185776,359871522,114.0,114.5,111.5,111.5,-2.50,2072
104/06/29,6409717,687650142,109.5,110.5,105.0,105.0,-6.50,2906
104/06/30,5291945,566119087,105.0,109.0,105.0,108.0,+3.00,2443
104/07/01,10077966,1130203192,109.5,114.0,109.0,112.0,+4.00,4852
104/07/02,4207757,464988389,113.0,113.5,109.5,109.5,-2.50,2461
104/07/03,4798750,520451110,109.5,110.0,107.0,109.0,-0.50,2969
104/07/06,3426650,374475524,108.0,110.5,108.0,108.5,-0.50,2127
104/07/07,7198331,766445255,109.0,110.0,104.5,105.0,-3.50,3693
104/07/08,10224995,1034484895,104.5,104.5,99.0,101.5,-3.50,4942
104/07/09,5192202,524033403,100.0,102.5,98.0,102.5,+1.00,2533
104/07/13,3276247,342114804,105.0,105.5,103.0,105.5,+3.00,1519
104/07/14,5123781,549698176,106.5,108.5,105.5,107.0,+1.50,2558
104/07/15,3145167,333636202,107.5,108.0,105.0,106.0,-1.00,2057
104/07/16,3712258,399390491,106.5,108.5,106.0,108.5,+2.50,1958
104/07/17,3529955,382182661,108.0,109.0,107.5,108.0,-0.50,2001
104/07/20,2444030,263442210,108.5,109.5,106.5,107.5,-0.50,1355
104/07/21,2142107,228454393,108.0,108.0,104.5,107.0,-0.50,1297
104/07/22,7638276,778374289,103.5,104.5,100.5,101.0,-6.00,4429
104/07/23,8533837,849888137,100.0,102.0,96.2,100.5,-0.50,4415
104/07/24,3661647,370482668,101.5,103.0,100.0,102.0,+1.50,2077
104/07/27,7365607,703916445,100.5,102.0,91.8,92.0,-10.00,4346
104/07/28,5611302,536162263,92.0,97.4,92.0,96.2,+4.20,3267
104/07/29,3678242,354450339,96.5,98.6,93.2,98.6,+2.40,2609
104/07/30,2811007,276326877,98.7,99.8,97.0,97.3,-1.30,1893
104/07/31,2590469,252223767,96.7,98.4,96.0,97.9,+0.60,1501
104/08/03,2187609,209018958,96.6,97.5,94.6,95.5,-2.40,1528
104/08/04,7333426,686198021,97.0,98.7,87.2,91.0,-4.50,4236
104/08/05,5126570,482177520,92.8,96.5,91.4,95.7,+4.70,3318
104/08/06,5813305,541243986,96.5,96.5,91.3,92.0,-3.70,3427
104/08/07,4141000,381326998,90.1,93.3,90.1,92.2,+0.20,2675
104/08/10,3500200,333184260,94.5,97.0,92.5,96.5,+4.30,2616
104/08/11,3330759,326448453,98.3,99.5,96.7,97.7,+1.20,2309
104/08/12,3309000,316033598,95.9,96.7,94.1,96.0,-1.70,2268
104/08/13,4129843,406432457,96.4,99.4,96.4,99.0,+3.00,2566
104/08/14,3127122,312317200,99.0,101.5,98.7,100.5,+1.50,2125
104/08/17,2422045,242932522,100.5,101.0,99.5,100.5, 0.00,1805
104/08/18,3020523,299364384,100.0,101.0,97.5,99.4,-1.10,1902
104/08/19,2235100,218965200,98.8,99.8,97.2,98.0,-1.40,1711
104/08/20,5964842,558332642,96.5,98.5,91.8,92.0,-6.00,4006
104/08/21,7317192,644935697,89.4,91.5,86.5,87.5,-4.50,4775
104/08/24,10012987,801857958,83.6,86.5,78.8,79.4,-8.10,4454
104/08/25,6272989,523710636,79.0,86.7,78.9,86.5,+7.10,3528
104/08/26,3602131,314325004,89.0,89.0,85.2,88.6,+2.10,2313
104/08/27,5353251,496511463,89.7,93.8,89.6,93.8,+5.20,3718
104/08/28,7867133,759403215,97.0,98.3,94.5,97.9,+4.10,3869
104/08/31,10729455,987613291,94.2,94.2,90.6,92.3,X0.00,4419
104/09/01,3225550,297079390,92.5,93.5,90.9,91.3,-1.00,2017
104/09/02,3266919,294382544,89.8,91.3,88.8,91.3, 0.00,2137
104/09/03,3924975,358677827,92.3,93.0,90.6,90.6,-0.70,2751
104/09/04,4408204,390379884,90.7,91.3,86.5,87.2,-3.40,3085
104/09/07,5637911,480502241,86.1,86.6,84.0,84.5,-2.70,3243
104/09/08,5967170,528552076,87.0,90.1,86.6,89.3,+4.80,4243
104/09/09,7620464,707379216,91.5,94.6,91.0,93.7,+4.40,4924
104/09/10,3563275,331131255,92.8,93.8,92.0,93.8,+0.10,2568
104/09/11,4863131,462072797,94.7,96.4,93.4,94.2,+0.40,3352
104/09/14,3395820,321116215,95.1,95.7,93.8,94.8,+0.60,2215
104/09/15,3991789,380390183,94.8,95.8,94.6,95.8,+1.00,2526
104/09/16,3828027,363891438,96.5,97.3,93.9,94.4,-1.40,2518
104/09/17,3162674,301418030,95.0,96.0,94.3,95.5,+1.10,1978
104/09/18,1987476,188564329,93.9,95.5,93.9,95.0,-0.50,1217
104/09/21,3626444,342017192,94.4,95.4,92.8,93.2,-1.80,2027
104/09/22,2419523,229718562,94.7,95.7,94.5,94.5,+1.30,1709
104/09/23,2089545,197336030,93.9,95.2,93.8,93.8,-0.70,1498
104/09/24,1447450,135367328,94.1,94.8,92.3,93.6,-0.20,1093
104/09/25,1312270,122774707,93.2,94.8,92.3,94.5,+0.90,845
104/09/30,3098000,292459900,95.6,95.9,93.0,94.2,-0.30,2036
104/10/01,3448152,332014344,94.8,97.0,94.6,97.0,+2.80,2395
104/10/02,2628500,252687900,96.1,97.0,95.3,95.5,-1.50,1929
104/10/05,2492721,242430950,97.0,97.8,96.0,97.4,+1.90,1744
104/10/06,4104025,405845540,98.7,101.0,97.3,98.1,+0.70,2707
104/10/07,2084960,205545440,99.2,99.4,97.0,99.4,+1.30,1545
104/10/08,6416026,637037874,101.0,101.5,97.8,99.0,-0.40,2826
104/10/12,3405957,338457057,100.5,100.5,98.5,98.8,-0.20,2074
104/10/13,3647343,357989236,99.5,100.0,96.8,97.5,-1.30,2426
104/10/14,3152900,306432376,97.6,98.0,96.1,96.5,-1.00,2392
104/10/15,3140765,300629817,97.5,97.9,94.7,94.8,-1.70,1947
104/10/16,2722852,258804253,95.9,96.0,94.4,94.9,+0.10,1947
104/10/19,4645914,428510030,95.3,95.7,90.6,91.3,-3.60,3333
104/10/20,6435131,580336112,92.1,92.3,89.3,90.0,-1.30,3890
104/10/21,3216207,294357875,91.1,92.3,91.0,91.5,+1.50,2347
104/10/22,3795250,353269922,92.1,93.7,91.6,93.3,+1.80,2841
104/10/23,2886805,271678708,94.6,94.9,93.7,94.2,+0.90,1912
104/10/26,3299031,313327546,94.8,95.6,94.4,95.2,+1.00,1924
104/10/27,4192662,388098834,94.2,94.5,91.7,92.2,-3.00,2648
104/10/28,3882930,355746979,92.8,93.3,90.5,92.2, 0.00,2707
104/10/29,3888741,354583353,92.3,92.7,90.5,91.0,-1.20,2366
104/10/30,3592835,328690936,91.7,92.8,90.0,92.8,+1.80,2498
104/11/02,2465558,229041314,92.8,93.5,92.4,92.8, 0.00,1704
104/11/03,2486203,232879296,93.2,94.2,93.0,93.3,+0.50,1708
104/11/04,3261013,308942928,94.2,95.1,93.7,95.1,+1.80,2233
104/11/05,2527670,240366116,95.1,95.7,94.2,95.5,+0.40,1741
104/11/06,3031225,290250904,95.6,97.2,94.5,94.7,-0.80,1752
104/11/09,4038104,387552432,96.1,97.0,94.8,96.5,+1.80,2281
104/11/10,3511350,334596626,96.5,97.1,94.4,95.5,-1.00,2129
104/11/11,4498920,423787180,93.6,95.2,93.5,94.0,-1.50,2504
104/11/12,2724100,252704940,94.2,94.9,91.8,92.8,-1.20,1968
104/11/13,2849255,269159925,92.2,95.2,92.0,95.1,+2.30,2030
104/11/16,2761511,258784997,92.8,94.9,92.8,93.9,-1.20,1936
104/11/17,2173467,206024389,94.8,95.4,94.2,94.6,+0.70,1519
104/11/18,4308142,412577924,95.0,96.7,94.5,96.7,+2.10,3061
104/11/19,4290617,419659240,97.8,98.2,97.2,97.7,+1.00,2393
104/11/20,2558840,248661173,98.5,98.5,96.5,96.7,-1.00,1763
104/11/23,3459924,329440384,96.5,97.1,94.9,95.1,-1.60,1652
104/11/24,4048941,382424023,95.5,96.1,93.7,94.2,-0.90,2419
104/11/25,2924223,272636991,94.2,94.8,92.5,92.8,-1.40,1834
104/11/26,1651725,154314260,93.6,94.1,93.0,93.5,+0.70,1154
104/11/27,2047666,189938103,94.0,94.1,92.1,93.5, 0.00,1332
104/11/30,2859058,264209568,92.8,92.8,91.2,92.7,-0.80,1387
104/12/01,4016104,374892427,93.0,95.0,92.0,95.0,+2.30,2695
104/12/02,4413287,414608878,95.2,95.2,93.3,94.5,-0.50,2970
104/12/03,3100533,288246058,92.8,93.3,92.7,93.1,-1.40,1768
104/12/04,1904332,175714709,92.1,93.1,91.9,92.6,-0.50,1293
104/12/07,1703026,158340611,93.3,93.9,92.3,92.3,-0.30,1111
104/12/08,2370196,218860991,92.8,93.0,91.8,91.9,-0.40,1899
104/12/09,2468200,227746380,91.5,93.0,91.5,92.4,+0.50,1727
104/12/10,2405558,220517590,92.5,92.7,90.8,91.4,-1.00,1722
104/12/11,4615365,409718938,91.5,91.7,86.0,86.0,-5.40,2862
104/12/14,3537872,299524860,82.1,85.4,82.1,84.8,-1.20,2264
104/12/15,6523342,540544177,82.7,84.5,81.6,82.7,-2.10,4163
104/12/16,10785337,865458399,82.8,83.7,79.0,80.8,-1.90,5928
104/12/17,9558500,771219349,81.8,82.0,80.0,80.5,-0.30,4815
104/12/18,7850200,617673177,79.3,79.4,77.6,78.5,-2.00,4711
104/12/21,4672393,368896742,78.5,79.5,78.1,78.8,+0.30,2622
104/12/22,3387408,267910101,79.5,80.0,78.5,78.5,-0.30,1989
104/12/23,3134414,245380169,78.5,78.8,77.8,77.8,-0.70,1960
104/12/24,2210650,173941994,78.4,79.2,78.1,78.1,+0.30,1532
104/12/25,2734031,217492480,79.0,80.0,78.7,79.9,+1.80,1660
104/12/28,2707084,212963772,80.3,80.3,78.0,78.0,-1.90,1741
104/12/29,1703952,132668756,78.1,78.5,77.6,77.6,-0.40,1013
104/12/30,4860143,369224607,78.4,78.4,74.7,75.5,-2.10,2745
104/12/31,2812753,211657729,75.0,75.8,74.4,75.8,+0.30,1489
105/01/04,3714751,284670876,76.2,78.0,75.1,76.7,+0.90,2349
105/01/05,3671999,282768023,76.8,77.7,75.8,76.6,-0.10,2329
105/01/06,8207167,588826289,75.8,75.8,69.9,70.0,-6.60,4820
105/01/07,8766737,593623779,69.1,69.7,66.0,66.6,-3.40,5492
105/01/08,7648438,516804562,62.7,70.8,62.7,69.8,+3.20,4750
105/01/11,3813235,262997864,68.6,70.2,67.1,68.5,-1.30,2365
105/01/12,5351999,356273034,69.5,69.5,64.9,65.0,-3.50,2939
105/01/13,3361339,225092307,66.5,67.9,65.5,66.7,+1.70,2044
105/01/14,4390650,287673390,64.3,66.6,63.6,66.3,-0.40,2216
105/01/15,3425450,225156650,67.0,67.3,64.7,65.0,-1.30,2002
105/01/18,3381200,221838860,63.5,66.9,63.4,66.5,+1.50,2377
105/01/19,3288932,222068552,65.8,68.6,65.7,68.3,+1.80,1934
105/01/20,3994796,264793854,67.0,67.5,65.1,66.0,-2.30,2277
105/01/21,3344000,217664498,66.4,66.9,64.0,64.0,-2.00,2019
105/01/22,3564750,228771525,65.0,65.4,63.4,63.8,-0.20,2285
105/01/25,3724700,246006869,65.4,66.9,65.1,66.1,+2.30,2504
105/01/26,2977034,196677745,65.2,67.1,64.7,66.1, 0.00,1969
105/01/27,2746104,180586538,66.3,66.8,65.4,65.7,-0.40,1803
105/01/28,3221680,212375681,64.7,66.4,64.5,66.1,+0.40,1916
105/01/29,9641556,679228880,66.5,71.8,66.2,70.0,+3.90,5895
105/01/30,3278646,235063235,71.5,72.4,70.6,72.4,+2.40,1748
105/02/01,3993197,284356287,72.4,72.4,70.6,71.0,-1.40,2651
105/02/02,3852635,269190003,70.5,71.0,69.1,69.1,-1.90,2542
105/02/03,2878107,197392083,68.5,69.3,67.5,68.8,-0.30,2016
105/02/15,2537459,176053298,67.5,70.2,67.5,69.5,+0.70,1810
105/02/16,2761098,194781167,70.0,71.2,69.2,71.1,+1.60,1837
105/02/17,2862500,200610748,71.1,71.1,69.4,69.5,-1.60,1939
105/02/18,2252593,158865705,70.6,70.9,70.0,70.5,+1.00,1423
105/02/19,1823186,128718887,70.0,71.2,69.9,70.7,+0.20,1350
105/02/22,1693500,119765600,70.5,71.3,70.2,70.5,-0.20,1243
105/02/23,2272154,161699324,70.6,71.8,70.5,71.6,+1.10,1599
105/02/24,4249265,298853050,71.8,71.8,69.3,69.8,-1.80,2541
105/02/25,6227105,446008850,69.8,73.4,69.8,71.9,+2.10,2628
105/02/26,2436787,173644876,71.2,71.9,70.5,71.9, 0.00,1481
105/03/01,7737303,573467073,71.8,75.8,71.4,75.8,+3.90,4447
105/03/02,12745402,1010158060,78.0,81.5,77.1,80.0,+4.20,7010
105/03/03,6034800,477921358,80.5,80.7,78.1,79.0,-1.00,3815
105/03/04,3868272,306035627,79.4,80.0,78.4,79.5,+0.50,2356
105/03/07,6594491,526770432,79.6,81.2,78.9,79.1,-0.40,3362
105/03/08,5250302,406946784,79.5,79.7,76.1,78.0,-1.10,3073
105/03/09,4065742,313452424,77.8,78.0,76.5,77.8,-0.20,2196
105/03/10,2116650,164260673,78.0,78.1,77.2,77.5,-0.30,1299
105/03/11,4026700,315392970,77.6,79.4,77.5,79.4,+1.90,2471
105/03/14,5434176,435958513,80.8,80.9,79.7,80.2,+0.80,2479
105/03/15,4196310,331532135,80.9,80.9,77.9,78.1,-2.10,2309
105/03/16,3720620,295293100,79.0,79.9,78.5,79.6,+1.50,2195
105/03/17,8997791,734250058,80.9,82.5,80.5,81.7,+2.10,5278
105/03/18,7218806,597633799,82.3,83.4,82.0,83.3,+1.60,4024
105/03/21,4075152,336480155,83.7,83.9,82.0,82.5,-0.80,2503
105/03/22,7611993,607257714,82.1,82.2,78.2,79.0,-3.50,4489
105/03/23,6840615,540903776,79.5,80.9,78.0,78.1,-0.90,4364
105/03/24,6690200,513387617,77.5,77.8,76.3,76.3,-1.80,3656
105/03/25,7220476,538812305,75.7,76.1,74.0,74.5,-1.80,4312
105/03/28,6841923,503744393,74.9,75.3,72.3,72.3,-2.20,4412
105/03/29,6195384,446447622,72.3,73.6,70.8,71.5,-0.80,3720
105/03/30,7516390,547043065,72.4,73.4,72.0,73.4,+1.90,3886
105/03/31,4867004,352730786,73.4,73.4,72.0,72.0,-1.40,2832
105/04/01,3213250,230986398,71.5,72.3,71.2,71.9,-0.10,2216
105/04/06,7985299,558174530,70.1,71.3,69.5,69.8,-2.10,4818
105/04/07,4413005,309444148,69.8,70.7,69.6,70.1,+0.30,2995
105/04/08,3656076,254190520,70.3,70.3,69.0,69.1,-1.00,2317
105/04/11,3061628,210962044,68.7,69.1,68.5,69.0,-0.10,1802
105/04/12,4211195,289009414,69.0,69.3,68.3,68.3,-0.70,2623
105/04/13,3674460,253813156,68.6,69.8,68.4,69.7,+1.40,2523
105/04/14,3582774,250266768,70.5,70.8,69.2,69.2,-0.50,2260
105/04/15,2382618,165202397,69.2,69.8,68.8,69.7,+0.50,1414
105/04/18,5581233,379193836,69.2,69.3,67.5,67.5,-2.20,3268
105/04/19,3291681,222508798,67.8,68.4,67.1,67.3,-0.20,2210
105/04/20,4050190,269651992,67.5,67.8,66.1,66.2,-1.10,2466
105/04/21,2762344,185245954,66.5,67.7,66.3,67.2,+1.00,1792
105/04/22,4035750,270534625,67.2,67.9,66.2,67.6,+0.40,2355
105/04/25,2771840,189378574,67.8,68.8,67.3,68.6,+1.00,1703
105/04/26,2241856,153054736,68.5,68.7,67.9,68.0,-0.60,1313
105/04/27,3665075,244820640,67.0,67.2,66.2,66.9,-1.10,2114
105/04/28,2076102,138605034,67.0,67.2,66.4,66.4,-0.50,1331
105/04/29,2970899,200101538,66.4,68.2,66.1,67.9,+1.50,2017
105/05/03,2053050,138087650,68.2,68.2,66.6,66.6,-1.30,1262
105/05/04,2033051,135398484,66.6,67.6,66.2,66.4,-0.20,1350
105/05/05,5090992,328849276,66.3,66.7,63.7,64.8,-1.60,2727
105/05/06,2656698,171667408,64.1,65.5,63.9,65.0,+0.20,1622
105/05/09,2102748,135343545,65.2,65.2,64.0,64.0,-1.00,1464
105/05/10,2407821,153670408,64.0,64.7,63.1,63.6,-0.40,1705
105/05/11,2504400,160197520,64.0,64.9,63.5,63.5,-0.10,1577
105/05/12,8051515,494521221,63.5,63.7,60.3,61.0,-2.50,4793
105/05/13,14724846,833034287,56.0,58.6,55.6,56.6,-4.40,7182
105/05/16,4163382,234882474,56.9,57.6,55.9,56.2,-0.40,2698
105/05/17,8645954,482643707,56.6,57.1,54.6,55.8,-0.40,5180
105/05/18,5573634,307856760,55.2,56.3,54.6,54.9,-0.90,3313
105/05/19,10873082,582289028,55.4,55.8,51.9,52.4,-2.50,5586
105/05/20,7784693,419667515,52.4,55.5,52.2,54.6,+2.20,4575
105/05/23,9072968,505479781,55.0,56.7,54.1,56.1,+1.50,5139
105/05/24,16067718,922204049,57.5,58.4,56.5,56.5,+0.40,8905
105/05/25,17323196,1031769151,58.2,61.9,57.6,60.3,+3.80,9011
105/05/26,8119904,489915980,60.9,61.3,59.3,60.2,-0.10,4679
105/05/27,5410674,321923402,60.0,60.1,59.0,59.6,-0.60,3324
105/05/30,4076398,241908616,59.2,60.0,58.7,59.9,+0.30,2499
105/05/31,7500851,457482625,59.9,61.6,59.5,61.4,+1.50,3592
105/06/01,5852804,356076380,61.0,61.5,60.4,60.6,-0.80,3010
105/06/02,5076901,304393708,61.0,61.1,59.3,59.3,-1.30,2954
105/06/03,5114658,301948050,59.7,60.2,58.6,59.2,-0.10,2942
105/06/04,1856397,109651623,59.7,59.7,58.7,58.8,-0.40,1415
105/06/06,4284583,255220730,59.5,60.3,59.0,59.0,+0.20,2596
105/06/07,3031402,179492557,60.0,60.0,58.9,59.0, 0.00,1870
105/06/08,3208248,190611929,59.3,59.7,59.0,59.6,+0.60,1922
105/06/13,5253447,304495641,58.6,58.9,57.3,57.4,-2.20,3021
105/06/14,4120585,240004580,57.5,58.8,57.5,58.5,+1.10,2161
105/06/15,4056516,234806774,58.7,58.8,57.5,57.7,-0.80,2688
105/06/16,5847063,330502549,57.6,57.9,55.6,56.0,-1.70,3654
105/06/17,2949332,166740455,56.6,56.9,56.2,56.7,+0.70,1722
105/06/20,2226192,127496198,57.5,57.5,57.0,57.3,+0.60,1464
105/06/21,2279720,131734860,57.4,58.2,57.3,57.9,+0.60,1388
105/06/22,4062752,233232087,58.2,58.2,57.0,57.5,-0.40,2220
105/06/23,3468171,197560925,57.7,57.7,56.6,56.7,-0.80,2192
105/06/24,5551462,307541010,57.0,57.3,54.0,54.7,-2.00,3279
105/06/27,3250664,181849347,54.7,56.5,54.6,56.1,+1.40,1946
105/06/28,3297478,183997713,55.5,56.3,55.2,56.0,-0.10,1703
105/06/29,3949840,227457668,56.6,58.5,56.5,57.8,+1.80,2316
105/06/30,2850268,164531960,58.0,58.1,57.3,57.7,-0.10,1816
105/07/01,4664193,273965746,58.3,59.4,58.1,58.9,+1.20,2756
105/07/04,2636501,155459207,59.5,59.6,58.6,58.6,-0.30,1526
105/07/05,3096285,182940538,58.6,59.7,58.3,59.2,+0.60,1774
105/07/06,3750982,216311064,58.4,58.7,57.0,57.3,-1.90,2488
105/07/07,1740300,100768440,57.9,58.3,57.6,57.8,+0.50,1103
105/07/11,9067363,544417989,59.2,60.8,58.8,60.7,+2.90,4767
105/07/12,6017533,366117702,60.9,61.3,60.4,60.9,+0.20,3436
105/07/13,4602478,280381559,61.6,61.6,60.3,60.8,-0.10,2627
105/07/14,10865187,685782236,61.3,64.4,61.0,64.4,+3.60,5848
105/07/15,9130111,595639715,65.1,66.0,64.5,64.6,+0.20,5175
105/07/18,4733487,308951955,64.6,65.9,64.6,65.1,+0.50,2631
105/07/19,4790972,313377453,65.8,65.8,64.6,65.8,+0.70,3110
105/07/20,6854458,450720635,65.8,66.2,65.3,65.8, 0.00,3645
105/07/21,8145073,548702322,66.5,68.2,66.5,67.4,+1.60,4501
105/07/22,7461265,499027990,67.5,67.9,65.9,66.0,-1.40,4107
105/07/25,5046611,331282426,66.8,67.2,64.6,65.8,-0.20,3014
105/07/26,4431312,294271555,66.2,67.0,65.4,67.0,+1.20,2560
105/07/27,5332168,360113387,68.2,68.2,67.0,67.1,+0.10,3562
105/07/28,6298424,417555937,67.3,67.3,65.7,65.8,-1.30,3719
105/07/29,5789760,376903207,65.1,65.7,64.6,65.5,-0.30,3094
105/08/01,3061401,200834666,65.5,66.2,65.2,65.5, 0.00,2057
105/08/02,6388537,425906679,65.8,67.5,65.7,66.6,+1.10,3521
105/08/03,3353551,222465305,66.2,66.8,65.6,66.5,-0.10,2222
105/08/04,3489750,231478225,66.7,67.1,65.8,65.9,-0.60,2012
105/08/05,2542012,168479196,66.3,66.8,66.0,66.2,+0.30,1421
105/08/08,9488505,645973436,67.0,68.8,66.7,68.6,+2.40,4825
105/08/09,7406550,503503500,68.9,69.4,66.7,67.2,-1.40,4219
105/08/10,5654355,374862107,67.3,67.6,65.8,66.1,-1.10,3018
105/08/11,4884149,318332371,66.1,66.1,64.4,65.6,-0.50,2764
105/08/12,6218568,400008152,65.5,65.5,63.6,63.8,-1.80,3462
105/08/15,4342833,278319820,63.2,65.4,62.7,65.1,+1.30,2758
105/08/16,2610667,170456255,65.4,65.9,64.7,65.3,+0.20,1612
105/08/17,3595404,236256377,65.3,66.5,65.0,65.2,-0.10,2061
105/08/18,1529681,100325538,65.6,65.8,65.2,65.8,+0.60,1137
105/08/19,2375045,156254846,66.0,66.6,65.1,65.1,-0.70,1618
105/08/22,1664878,107406592,65.6,65.6,64.1,64.5,-0.60,1111
105/08/23,1222764,79462416,64.7,65.4,64.4,65.2,+0.70,837
105/08/24,4214927,280348779,65.7,67.3,65.2,66.9,+1.70,2657
105/08/25,9187856,627547264,67.2,69.2,67.2,69.0,+2.10,4769
105/08/26,5164562,351955795,69.0,69.0,67.6,68.1,-0.90,3079
105/08/29,7344577,506586041,69.0,69.6,68.3,68.8,+0.70,4023
105/08/30,9116950,624932463,69.2,69.3,68.3,68.3,-0.50,4196
105/08/31,7042620,450714016,64.2,64.7,63.6,63.6,X0.00,3271
105/09/01,2356150,149568109,63.6,64.2,63.1,63.2,-0.40,1424
105/09/02,2474039,157082468,64.1,64.1,62.8,63.1,-0.10,1514
105/09/05,1693700,107849970,63.8,64.1,63.1,63.8,+0.70,1009
105/09/06,4711607,305861854,64.1,65.7,64.0,65.2,+1.40,2576
105/09/07,5714654,376443864,65.9,66.4,65.2,66.0,+0.80,3604
105/09/08,3935695,258638031,65.8,66.4,65.2,65.4,-0.60,2051
105/09/09,3371410,219274871,65.4,65.6,64.2,65.6,+0.20,2195
105/09/10,1792437,115861215,63.7,65.2,63.7,64.6,-1.00,1088
105/09/12,4525300,289271547,64.4,65.0,63.5,63.5,-1.10,2741
105/09/13,2548050,162356275,64.5,64.9,63.0,63.1,-0.40,1709
105/09/14,3674153,233967992,63.1,64.2,63.0,64.0,+0.90,2062
105/09/19,10519591,708935245,66.5,68.2,65.9,67.6,+3.60,5545
105/09/20,5697859,385687853,67.3,68.0,67.1,67.7,+0.10,3774
105/09/21,7972900,546272650,68.2,68.8,68.0,68.6,+0.90,4116
105/09/22,11791270,823077747,69.8,70.8,68.8,69.1,+0.50,5460
105/09/23,7143066,497224876,70.0,70.5,69.0,69.4,+0.30,3415
105/09/26,5595689,381020871,69.0,69.2,67.2,67.5,-1.90,3727
105/09/29,6048716,414617828,68.6,69.0,68.1,68.2,+0.70,3319
105/09/30,5035752,346301786,67.8,69.2,67.7,68.7,+0.50,3039
105/10/03,5915744,413412280,70.4,70.4,69.3,69.8,+1.10,3248
105/10/04,2422131,168356517,70.0,70.0,69.2,69.3,-0.50,1458
105/10/05,2227607,154116486,69.5,69.8,68.9,69.0,-0.30,1221
105/10/06,8243325,575450713,69.4,70.5,69.0,69.9,+0.90,3386
105/10/07,3853803,268638710,69.9,70.0,69.0,69.9, 0.00,2142
105/10/11,6168981,422435694,70.4,70.4,67.2,68.6,-1.30,2960
105/10/12,2429855,166815249,68.0,69.2,67.8,68.6, 0.00,1447
105/10/13,2863150,194547555,69.0,69.2,67.5,67.6,-1.00,1758
105/10/14,4618297,308707787,67.6,68.2,66.3,67.0,-0.60,2437
105/10/17,2761066,187073005,67.2,68.3,66.5,68.3,+1.30,1431
105/10/18,2859282,196902100,68.9,69.2,68.6,68.9,+0.60,1434
105/10/19,1666062,114640095,69.1,69.1,68.5,68.5,-0.40,986
105/10/20,2535615,174965635,68.6,69.2,68.5,69.1,+0.60,1493
105/10/21,5548715,388838450,69.6,70.5,69.4,70.1,+1.00,3118
105/10/24,3271783,229478210,70.2,70.5,69.8,70.2,+0.10,1551
105/10/25,15570177,1139575328,70.5,74.6,70.4,74.3,+4.10,8291
105/10/26,7878035,582398778,74.0,74.8,72.9,73.8,-0.50,4125
105/10/27,4904307,360454600,73.7,74.5,72.8,73.2,-0.60,2727
105/10/28,3933376,282996731,73.2,73.5,71.2,71.6,-1.60,2366
105/10/31,4553852,327131157,71.1,72.7,70.5,71.9,+0.30,2674
105/11/01,3276921,233544078,72.0,72.2,70.9,71.0,-0.90,1687
105/11/02,3394667,236897618,70.5,70.6,69.0,69.0,-2.00,1919
105/11/03,3262784,223713196,69.0,69.7,67.7,69.1,+0.10,2036
105/11/04,1914141,131081588,69.1,69.5,68.0,68.0,-1.10,1188
105/11/07,2157450,149320930,68.2,69.9,68.2,69.1,+1.10,1262
105/11/08,3375000,235721299,70.7,71.0,69.1,69.6,+0.50,1772
105/11/09,5930570,398044420,70.2,70.3,65.0,65.5,-4.10,3522
105/11/10,3590887,243230669,67.9,68.4,67.3,67.6,+2.10,2144
105/11/11,6585212,427518733,65.2,66.0,63.6,64.6,-3.00,3622
105/11/14,5798892,361770328,64.0,64.3,61.0,62.6,-2.00,3484
105/11/15,3276237,204806994,62.4,63.2,61.8,61.8,-0.80,2097
105/11/16,3172293,200611528,63.5,64.0,62.5,62.7,+0.90,1877
105/11/17,2333603,144543986,62.7,63.1,61.1,62.2,-0.50,1552
105/11/18,2733400,170412420,62.2,63.1,61.1,62.6,+0.40,1753
105/11/21,1986487,124235737,63.3,63.5,61.9,62.1,-0.50,1382
105/11/22,2423180,150910912,62.1,62.9,61.9,62.1, 0.00,1529
105/11/23,7019497,449675651,62.5,65.6,62.3,64.2,+2.10,4186
105/11/24,3044860,194442765,64.2,64.4,63.5,63.7,-0.50,1884
105/11/25,1803998,115478871,64.0,64.3,63.7,64.1,+0.40,1110
105/11/28,2559400,165656000,64.7,65.5,64.1,64.3,+0.20,1722
105/11/29,3102692,199597064,64.5,64.8,63.9,64.4,+0.10,1508
105/11/30,4142069,267133119,64.7,65.4,64.1,64.1,-0.30,1732
105/12/01,1914990,124230050,64.8,65.2,64.2,64.9,+0.80,1432
105/12/02,4549500,287036450,64.0,64.1,62.7,62.9,-2.00,2889
105/12/05,1562973,97897299,62.6,63.0,62.2,62.7,-0.20,1007
105/12/06,1780480,112807181,63.5,63.7,63.1,63.3,+0.60,1250
105/12/07,1938285,123651924,63.7,64.1,63.6,64.0,+0.70,1326
105/12/08,2571828,165365572,64.3,64.7,64.1,64.5,+0.50,1683
105/12/09,1563951,100841255,64.9,64.9,64.2,64.4,-0.10,1141
105/12/12,1062130,67863420,65.0,65.0,63.5,63.6,-0.80,758
105/12/13,1090443,69527905,63.5,64.3,63.2,63.8,+0.20,813
105/12/14,1100510,70534242,64.5,64.5,63.8,64.0,+0.20,793
105/12/15,810602,52027928,63.7,64.4,63.7,64.3,+0.30,617
105/12/16,2340850,152346865,64.7,65.5,64.5,64.9,+0.60,1484
105/12/19,1007652,64976428,65.3,65.4,64.1,64.1,-0.80,761
105/12/20,1577441,102188029,65.0,65.1,64.4,64.7,+0.60,1219
105/12/21,978000,63220500,65.0,65.0,64.3,64.3,-0.40,762
105/12/22,1602900,102215839,64.3,64.5,63.5,63.5,-0.80,1128
105/12/23,760355,48323836,64.4,64.4,63.2,63.2,-0.30,539
105/12/26,624350,39421720,63.2,63.7,62.9,62.9,-0.30,387
105/12/27,819100,51637100,63.1,63.6,62.7,63.1,+0.20,530
105/12/28,984150,62883600,63.1,64.3,63.1,64.0,+0.90,677
105/12/29,859515,54705747,63.9,64.0,63.3,63.5,-0.50,652
105/12/30,1012300,64498140,63.6,64.0,63.4,63.8,+0.30,697
106/01/03,672400,42912620,64.1,64.2,63.6,63.8, 0.00,494
106/01/04,1034293,65998822,64.2,64.2,63.6,63.8, 0.00,706
106/01/05,1060400,67947140,63.8,64.4,63.8,64.1,+0.30,765
106/01/06,1151247,74240431,64.1,64.8,64.1,64.5,+0.40,748
106/01/09,1393450,89239624,64.7,64.8,63.7,64.1,-0.40,897
106/01/10,1250142,80460587,64.6,64.7,64.1,64.5,+0.40,923
106/01/11,2304680,149467670,64.7,65.3,64.3,65.3,+0.80,1430
106/01/12,5090245,341008337,65.6,68.4,65.5,66.7,+1.40,3307
106/01/13,1715730,113475864,66.7,66.7,65.7,66.1,-0.60,1106
106/01/16,1615230,105369525,65.9,66.0,64.7,64.8,-1.30,1088
106/01/17,1642110,107348143,65.0,66.0,64.7,66.0,+1.20,1001
106/01/18,1185586,77964558,65.8,66.0,65.6,65.7,-0.30,957
106/01/19,1039371,68256610,65.8,66.0,65.2,65.9,+0.20,778
106/01/20,1055218,69408070,65.9,66.3,65.2,65.2,-0.70,734
106/01/23,1240209,81644849,65.7,66.0,65.7,65.8,+0.60,924
106/01/24,1382927,90624263,65.8,65.9,65.3,65.4,-0.40,964
106/02/02,5910990,398286515,66.0,68.4,65.4,68.2,+2.80,3690
106/02/03,3622392,246711715,68.2,68.8,67.6,67.9,-0.30,2244
106/02/06,4925821,340958604,68.2,69.9,67.8,69.8,+1.90,3194
106/02/07,2521796,175789058,70.0,70.4,69.1,69.8, 0.00,1653
106/02/08,8976412,637553854,69.7,72.3,69.4,71.9,+2.10,4744
106/02/09,5313558,379279061,71.2,72.1,70.4,71.3,-0.60,3202
106/02/10,10607410,771577059,72.2,73.8,71.6,72.6,+1.30,5160
106/02/13,8711435,649921546,74.0,75.7,73.0,75.3,+2.70,4926
106/02/14,8337508,636176453,76.4,77.0,75.6,76.1,+0.80,4555
106/02/15,5508750,422427171,77.0,77.0,76.3,76.3,+0.20,2721
106/02/16,5805134,438561999,76.7,77.0,74.8,75.4,-0.90,3046
106/02/17,3061818,229414250,75.4,75.4,74.7,75.0,-0.40,1555
106/02/18,1967140,147515500,75.3,75.7,74.5,75.0, 0.00,1119
106/02/20,3062995,228176930,75.0,75.4,73.7,73.8,-1.20,1536
106/02/21,2346921,173210643,74.3,74.7,73.2,74.1,+0.30,1582
106/02/22,1890261,140607644,74.7,74.8,74.0,74.3,+0.20,1220
106/02/23,8894859,682656910,74.1,77.9,74.1,76.6,+2.30,4763
106/02/24,3149820,240056544,76.7,76.8,75.8,76.5,-0.10,1940
106/03/01,3444890,261090191,76.9,77.1,75.2,75.4,-1.10,1911
106/03/02,3659109,272888247,75.8,76.4,74.0,74.7,-0.70,2397
106/03/03,2010280,149939500,74.1,75.4,73.9,75.0,+0.30,1475
106/03/06,1980840,147225331,75.2,75.4,74.0,74.5,-0.50,1569
106/03/07,2833405,210869710,74.5,75.1,74.0,74.7,+0.20,1604
106/03/08,2607474,194559753,75.2,75.2,74.2,75.0,+0.30,1758
106/03/09,4499846,333502071,75.0,75.1,73.7,74.1,-0.90,2800
106/03/10,3423094,250312924,73.7,74.3,71.5,73.7,-0.40,2333
106/03/13,2133660,159013295,73.7,75.1,73.5,74.7,+1.00,1269
106/03/14,3847965,290006550,75.0,76.0,74.7,75.6,+0.90,2421
106/03/15,2623880,199311451,75.5,76.5,74.8,75.8,+0.20,1611
106/03/16,4221001,323758973,76.4,77.2,76.0,76.6,+0.80,2626
106/03/17,2902813,222994932,77.1,77.5,76.3,77.0,+0.40,1685
106/03/20,3587905,277425653,76.8,77.9,76.0,77.1,+0.10,2060
106/03/21,4727429,369319100,78.6,79.2,77.2,77.4,+0.30,3085
106/03/22,2860250,220112471,76.7,77.5,76.2,77.1,-0.30,1712
106/03/23,12354158,908902059,74.4,75.0,72.6,73.0,-4.10,6790
106/03/24,6327024,457942528,72.2,73.5,71.6,71.6,-1.40,3987
106/03/27,3814925,272233163,71.6,72.3,70.5,71.1,-0.50,2436
106/03/28,2704900,191925100,71.9,72.0,70.1,71.0,-0.10,1943
106/03/29,2189650,155823014,71.4,71.6,70.8,71.0, 0.00,1278
106/03/30,1699856,120703815,71.1,71.6,70.7,70.7,-0.30,1350
106/03/31,2228770,158721454,70.7,71.8,70.5,71.3,+0.60,1536
106/04/05,4792706,340117626,71.0,72.0,70.1,70.3,-1.00,3015
106/04/06,2445109,171230505,70.3,70.9,69.7,69.8,-0.50,1561
106/04/07,2112288,146848830,69.8,70.3,69.0,69.8, 0.00,1319
106/04/10,1663250,116069200,70.0,70.4,69.4,69.7,-0.10,944
106/04/11,2828773,195708637,70.0,70.1,68.5,68.7,-1.00,1764
106/04/12,3444563,233558724,68.5,68.6,67.5,67.7,-1.00,1966
106/04/13,2148072,146918002,68.0,69.3,67.8,68.0,+0.30,1271
106/04/14,2480714,165171679,68.0,68.0,66.1,66.2,-1.80,1568
106/04/17,2527300,165172370,66.5,66.8,64.6,65.3,-0.90,1374
106/04/18,1419760,94257020,65.7,66.9,65.7,66.8,+1.50,1031
106/04/19,1600816,106733120,66.6,67.2,66.1,67.0,+0.20,1136
106/04/20,1812500,120068349,66.3,66.8,65.8,66.0,-1.00,1183
106/04/21,2412657,161784603,66.7,68.0,65.9,67.7,+1.70,1741
106/04/24,3160375,215962435,68.7,68.9,68.0,68.1,+0.40,2093
106/04/25,4102650,277926764,68.1,68.1,67.2,67.9,-0.20,2274
106/04/26,3747033,259572601,68.6,69.8,68.0,69.6,+1.70,2460
106/04/27,1660300,116130930,69.6,70.4,69.2,69.9,+0.30,1208
106/04/28,3709370,263844757,70.0,72.1,69.9,70.6,+0.70,2239
106/05/02,2323170,164979801,71.8,71.8,70.6,70.7,+0.10,1653
106/05/03,1963672,139586209,71.2,71.8,70.4,70.6,-0.10,1232
106/05/04,1484380,104331133,70.7,71.0,70.1,70.2,-0.40,1095
106/05/05,3177680,223609347,70.0,71.0,69.4,70.5,+0.30,1840
106/05/08,4863970,350292022,71.6,72.8,71.3,72.5,+2.00,3117
106/05/09,8500030,614839731,72.5,73.5,70.9,71.0,-1.50,4806
106/05/10,2653380,188390912,71.7,71.8,70.8,70.9,-0.10,1493
106/05/11,2270930,161642025,71.2,71.7,70.9,71.2,+0.30,1096
106/05/12,3974472,285964123,71.6,72.5,71.5,72.1,+0.90,2379
106/05/15,13499140,1008036640,73.0,76.4,73.0,76.1,+4.00,7184
106/05/16,5922526,449615510,76.6,77.0,75.2,75.5,-0.60,3906
106/05/17,3548270,267888955,75.3,76.2,75.0,75.3,-0.20,2318
106/05/18,3569980,265446410,74.1,74.8,73.3,74.4,-0.90,2107
106/05/19,2658138,199638936,74.4,75.8,74.4,74.7,+0.30,1760
106/05/22,1699800,126341500,75.3,75.3,74.1,74.1,-0.60,1091
106/05/23,1593061,118303442,74.1,74.8,73.9,74.2,+0.10,1184
106/05/24,1617750,119667298,74.3,74.7,73.5,73.6,-0.60,1148
106/05/25,4168100,313007040,73.8,76.4,73.6,74.4,+0.80,2628
106/05/26,3823548,282830488,74.1,74.8,73.2,74.8,+0.40,2442
106/05/31,6179897,457043578,74.7,74.7,73.5,74.0,-0.80,2553
106/06/01,1818204,134501515,73.6,74.4,73.6,74.0, 0.00,1378
106/06/02,2128759,158714044,74.5,74.9,74.1,74.5,+0.50,1711
106/06/03,956449,71451529,74.6,75.0,74.3,74.9,+0.40,571
106/06/05,2559750,192650050,75.1,75.9,74.8,75.3,+0.40,1857
106/06/06,3352703,252306385,75.4,76.0,74.6,76.0,+0.70,2349
106/06/07,3893592,296157707,76.0,76.5,75.5,76.2,+0.20,2738
106/06/08,4447323,336341880,76.2,76.4,75.1,75.6,-0.60,2878
106/06/09,7265078,557255642,75.8,77.4,75.8,76.2,+0.60,4062
106/06/12,6605465,495858675,75.3,75.8,74.3,74.5,-1.70,3616
106/06/13,5081110,371756018,74.1,74.5,72.6,72.8,-1.70,2859
106/06/14,3410930,248712476,73.0,73.8,71.9,73.2,+0.40,1940
106/06/15,2855532,207159115,73.6,73.6,72.1,72.3,-0.90,1920
106/06/16,5688055,409307774,72.3,72.8,71.2,72.2,-0.10,2190
106/06/19,3108270,228356750,72.2,74.0,72.2,73.6,+1.40,1788
106/06/20,4618241,345117426,74.6,75.4,74.0,74.5,+0.90,2618
106/06/21,2949613,219186426,74.2,74.7,73.8,74.6,+0.10,2026
106/06/22,2893021,213735751,74.6,74.6,73.6,73.8,-0.80,1742
106/06/23,3547981,258795113,73.5,73.6,72.6,73.0,-0.80,2222
106/06/26,5516231,398143821,72.5,72.9,71.9,72.0,-1.00,3482
106/06/27,5489220,393921128,72.0,72.4,71.3,72.2,+0.20,2907
106/06/28,2790928,200316635,72.0,72.4,71.5,71.5,-0.70,1701
106/06/29,2228450,160055910,72.0,72.2,71.5,71.6,+0.10,1508
106/06/30,2635602,187926423,71.5,72.1,70.8,72.1,+0.50,1545
106/07/03,3036309,219825760,72.0,72.8,71.8,72.8,+0.70,1823
106/07/04,2678405,192630956,72.7,72.7,71.5,71.5,-1.30,1668
106/07/05,3543850,253413794,71.5,72.5,70.5,72.3,+0.80,1828
106/07/06,4088179,293147088,72.0,72.2,71.3,71.6,-0.70,2211
106/07/07,4993163,351367487,69.9,70.7,69.9,70.3,X0.00,2836
106/07/10,1871756,132053344,70.6,71.0,70.3,70.4,+0.10,1184
106/07/11,2368371,167427741,70.6,71.2,70.5,70.8,+0.40,1509
106/07/12,2313104,163338641,70.8,70.9,70.4,70.6,-0.20,1406
106/07/13,2081000,147404497,71.0,71.1,70.6,70.8,+0.20,1268
106/07/14,1681700,119044600,71.0,71.2,70.5,70.6,-0.20,982
106/07/17,1490089,105010055,70.6,71.0,70.2,70.4,-0.20,851
106/07/18,2084773,145491621,70.3,70.5,69.2,69.5,-0.90,1401
106/07/19,3837501,263851469,69.4,69.7,68.2,68.3,-1.20,2359
106/07/20,1865795,129000232,68.6,69.6,68.4,69.2,+0.90,1301
106/07/21,1513380,105134512,69.5,69.8,68.6,69.7,+0.50,1100
106/07/24,1944930,136015793,69.6,70.5,69.0,70.2,+0.50,1228
106/07/25,1921840,134699620,70.2,70.5,69.3,70.5,+0.30,1289
106/07/26,1680900,118538327,70.7,70.8,70.1,70.1,-0.40,1078
106/07/27,4334095,310677519,70.6,72.3,70.5,71.7,+1.60,2401
106/07/28,2404397,171054925,71.9,72.0,70.4,70.6,-1.10,1272
106/07/31,2058350,144543969,70.9,70.9,69.6,70.2,-0.40,1095
106/08/01,1939158,138053463,70.4,72.0,70.1,71.2,+1.00,1271
106/08/02,6354052,461369866,71.7,74.2,71.3,72.5,+1.30,3585
106/08/03,6357310,464946282,72.5,73.9,71.3,73.5,+1.00,3404
106/08/04,6194306,458542818,74.1,74.4,73.6,73.6,+0.10,3396
106/08/07,4890150,364373190,74.0,75.5,73.7,74.1,+0.50,2776
106/08/08,19511400,1512798394,77.0,79.6,75.5,76.0,+1.90,10741
106/08/09,6232121,477627851,76.9,78.0,75.9,76.1,+0.10,4102
106/08/10,5696229,428579586,76.9,77.3,74.2,74.2,-1.90,3318
106/08/11,4920710,366556650,73.6,75.3,73.3,74.7,+0.50,2480
106/08/14,8734187,636681764,75.2,75.5,71.5,71.5,-3.20,4155
106/08/15,6119620,436874720,72.5,72.9,70.6,70.8,-0.70,3481
106/08/16,4562833,320250192,70.8,70.8,69.7,70.1,-0.70,2614
106/08/17,4548350,323183420,70.5,72.3,70.1,71.0,+0.90,2651
106/08/18,4357600,304015840,70.2,70.2,69.3,69.8,-1.20,2541
106/08/21,6578460,452029133,69.8,69.8,68.3,68.6,-1.20,3584
106/08/22,8646635,606300038,69.0,70.9,68.9,70.0,+1.40,5200
106/08/23,5622750,393800950,70.8,70.9,69.0,69.2,-0.80,3382
106/08/24,3388350,237055300,69.5,70.5,69.4,69.8,+0.60,1957
106/08/25,2311150,161331200,70.1,70.4,69.5,69.7,-0.10,1536
106/08/28,3458640,239531480,69.7,70.2,69.0,69.2,-0.50,2052
106/08/29,2238339,155795730,69.2,70.3,68.7,69.4,+0.20,1579
106/08/30,2429480,169260849,70.3,70.3,69.2,69.3,-0.10,1600
106/08/31,2773624,193339014,69.7,70.2,69.2,69.9,+0.60,1735
106/09/01,2598181,181589846,70.3,70.5,69.6,69.6,-0.30,1619
106/09/04,2927143,201901267,69.3,69.6,68.6,68.6,-1.00,1985
106/09/05,2104614,145387871,69.0,69.5,68.9,69.0,+0.40,1428
106/09/06,2660555,183486384,69.0,69.7,68.6,68.6,-0.40,1622
106/09/07,5375798,363687664,69.1,69.1,66.9,67.1,-1.50,3539
106/09/08,6730772,467009121,69.3,70.0,68.8,68.8,+1.70,3682
106/09/11,5763051,403277486,69.6,70.5,68.8,70.3,+1.50,3161
106/09/12,6111080,427413158,70.8,70.9,68.9,69.3,-1.00,3438
106/09/13,3948558,270178399,69.8,69.8,68.0,68.0,-1.30,2440
106/09/14,2588572,176443624,68.1,69.0,67.6,67.8,-0.20,1641
106/09/15,4291979,288235581,68.0,68.2,66.8,67.0,-0.80,2431
106/09/18,1881009,126535904,67.2,67.6,67.0,67.2,+0.20,1259
106/09/19,4570255,305165102,67.5,67.7,66.0,66.1,-1.10,2687
106/09/20,4454164,291021489,66.1,66.4,64.7,64.9,-1.20,2924
106/09/21,2341288,152933063,64.7,65.8,64.7,65.1,+0.20,1652
106/09/22,4075077,260301910,65.2,65.6,63.0,63.6,-1.50,2411
106/09/25,5766717,353804237,63.5,63.5,60.8,61.0,-2.60,3346
106/09/26,5630430,342133741,60.9,62.4,59.5,59.8,-1.20,3149
106/09/27,4006830,246488473,61.0,62.0,60.8,61.8,+2.00,2325
106/09/28,1857856,114922472,62.4,62.4,61.3,61.5,-0.30,1338
106/09/29,1409667,86333984,61.4,61.9,60.9,61.4,-0.10,952
106/09/30,726998,45099272,61.8,62.3,61.7,62.1,+0.70,573
106/10/02,1669800,105151398,62.2,63.5,62.1,63.2,+1.10,1117
106/10/03,1982690,124336170,63.4,63.8,62.3,62.5,-0.70,1242
106/10/05,2232870,137897086,62.1,62.1,61.2,62.0,-0.50,1306
106/10/06,2892262,182033187,62.3,63.6,62.1,63.2,+1.20,1903
106/10/11,10169176,667673540,65.0,67.0,64.5,64.9,+1.70,5113
106/10/12,2908345,187183556,64.9,64.9,64.1,64.3,-0.60,1952
106/10/13,1919195,122799276,64.3,64.4,63.7,64.2,-0.10,1278
106/10/16,3674250,241158225,65.3,66.2,65.2,65.3,+1.10,2090
106/10/17,2512240,163499472,65.3,65.9,64.6,64.6,-0.70,1435
106/10/18,4463349,284238063,63.8,64.4,63.2,63.5,-1.10,2325
106/10/19,3372374,216655409,63.7,64.8,63.7,64.0,+0.50,1752
106/10/20,9564038,627473986,65.0,66.4,64.4,65.6,+1.60,5070
106/10/23,13791612,936438573,66.8,68.9,66.5,68.6,+3.00,6746
106/10/24,32449658,2337652472,70.9,74.5,70.5,73.1,+4.50,14197
106/10/25,14351454,1059725281,74.3,75.3,72.8,73.0,-0.10,7718
106/10/26,6428476,472035882,72.6,74.0,72.6,73.5,+0.50,3250
106/10/27,9455363,687105751,74.2,74.8,70.5,71.0,-2.50,5061
106/10/30,11626694,849270429,73.4,74.0,71.1,73.4,+2.40,5905
106/10/31,21290247,1604759261,74.3,76.3,74.2,75.6,+2.20,11257
106/11/01,9354814,701930856,75.8,76.0,74.2,75.0,-0.60,4680
106/11/02,11701213,889508129,75.0,77.5,74.4,75.5,+0.50,6160
106/11/03,9498364,722130464,76.0,77.0,75.1,75.7,+0.20,4900
106/11/06,6896449,524037408,76.2,76.9,75.1,75.1,-0.60,3671
106/11/07,6021850,455428909,75.7,76.3,75.1,75.9,+0.80,2956
106/11/08,12299967,941437815,77.2,77.7,75.1,75.1,-0.80,6131
106/11/09,10807199,793678457,75.1,75.4,71.1,72.6,-2.50,5830
106/11/10,4158360,303354084,72.6,73.5,72.0,73.3,+0.70,2416
106/11/13,9287087,670358751,73.3,73.8,71.1,72.0,-1.30,4658
106/11/14,10010649,730731879,73.1,73.9,72.2,72.5,+0.50,5227
106/11/15,5923759,431085656,72.1,73.5,72.0,73.1,+0.60,3274
106/11/16,5807372,427153028,73.1,74.1,72.7,73.1, 0.00,2969
106/11/17,11193910,832842619,73.9,76.0,73.3,74.1,+1.00,5424
106/11/20,4144410,305346435,74.4,74.6,72.9,72.9,-1.20,2407
106/11/21,3027830,221951156,73.6,73.8,73.0,73.0,+0.10,1927
106/11/22,5236538,384791419,73.4,74.4,72.6,72.6,-0.40,3073
106/11/23,3467400,253734720,72.7,74.0,72.3,72.9,+0.30,1888
106/11/24,2271910,165562435,73.1,73.4,72.7,72.8,-0.10,1339
106/11/27,3043818,222087256,72.8,73.9,72.0,72.2,-0.60,1626
106/11/28,3118000,223706297,72.1,72.4,71.4,71.4,-0.80,1661
106/11/29,5121346,368945405,71.9,72.7,71.4,71.7,+0.30,2624
106/11/30,10740653,785287692,71.7,74.0,71.5,73.3,+1.60,4934
106/12/01,11892332,846808001,73.1,73.2,70.0,70.5,-2.80,5942
106/12/04,9232089,641061141,71.1,71.1,68.8,68.8,-1.70,4584
106/12/05,5836290,391116330,67.2,67.9,66.6,66.6,-2.20,3431
106/12/06,4264551,285973397,67.0,67.8,66.6,66.8,+0.20,2135
106/12/07,5906991,400655685,68.0,68.7,67.2,67.4,+0.60,3374
106/12/08,4142938,282031922,67.8,69.0,67.0,68.9,+1.50,2378
106/12/11,4182997,292273381,69.4,70.5,69.0,70.4,+1.50,2263
106/12/12,4276709,296296985,70.4,70.4,68.4,68.6,-1.80,2826
106/12/13,2575912,177434373,68.7,69.5,68.2,68.9,+0.30,1410
106/12/14,3105850,215190589,69.7,70.4,68.7,68.7,-0.20,1355
106/12/15,2287551,155290268,68.7,68.8,67.5,67.9,-0.80,1248
106/12/18,1579404,107256310,67.6,68.5,67.5,68.1,+0.20,959
106/12/19,1515940,103269075,68.5,68.6,67.6,68.4,+0.30,1106
106/12/20,2287973,157236837,68.4,69.2,68.1,68.4, 0.00,1408
106/12/21,1706480,115877840,68.4,68.9,67.5,67.5,-0.90,1150
106/12/22,987599,66913371,67.7,68.2,67.6,67.6,+0.10,644
106/12/25,4594600,303320500,67.6,67.6,65.3,65.9,-1.70,2751
106/12/26,5831347,372817001,65.3,65.5,63.1,63.2,-2.70,3242
106/12/27,2759900,175781070,63.4,64.4,63.3,63.8,+0.60,1572
106/12/28,2927819,190701006,64.4,65.9,64.2,65.5,+1.70,1668
106/12/29,1707595,111628409,65.5,65.7,65.1,65.5, 0.00,1069
107/01/02,2389752,157633905,64.9,66.5,64.9,66.3,+0.80,1564
107/01/03,2406168,159889756,66.5,66.9,66.1,66.1,-0.20,1560
107/01/04,1978670,131896190,66.5,66.9,66.2,66.9,+0.80,1296
107/01/05,1781120,119554436,66.9,67.4,66.7,67.2,+0.30,1172
107/01/08,4052361,276111328,67.3,68.8,67.3,68.4,+1.20,2180
107/01/09,7357339,512886357,69.9,70.8,68.6,69.2,+0.80,4214
107/01/10,3198590,220459621,69.4,69.7,68.2,68.2,-1.00,1759
107/01/11,2964580,203528261,69.0,69.3,67.7,68.1,-0.10,1724
107/01/12,2316923,159482745,68.4,69.3,68.4,68.8,+0.70,1438
107/01/15,2228388,153863093,69.5,69.9,68.5,68.7,-0.10,1309
107/01/16,3446000,238982899,69.2,69.7,69.0,69.6,+0.90,2153
107/01/17,2689350,186920424,69.8,69.8,69.2,69.4,-0.20,1573
107/01/18,3429055,239369503,70.2,70.4,69.1,69.2,-0.20,2008
107/01/19,4447650,308172250,69.3,70.3,68.3,68.9,-0.30,2492
107/01/22,5237061,353296848,68.2,68.6,66.8,67.2,-1.70,3072
107/01/23,3083590,206912548,67.9,67.9,66.7,67.0,-0.20,1702
107/01/24,3917257,266710457,67.0,69.0,67.0,69.0,+2.00,2345
107/01/25,3722174,254626032,69.3,69.4,67.6,67.7,-1.30,2538
107/01/26,2262300,152885080,67.7,68.2,67.2,67.3,-0.40,1345
107/01/29,1976057,134051976,67.9,68.2,67.4,67.8,+0.50,1133
107/01/30,2165744,145525745,67.6,67.8,66.6,66.6,-1.20,1416
107/01/31,3424550,227429150,66.7,66.9,65.8,66.8,+0.20,1957
107/02/01,4831617,331582340,67.6,69.5,67.4,68.2,+1.40,2868
107/02/02,3222855,217518180,67.8,68.5,67.0,67.0,-1.20,2085
107/02/05,3848750,248730150,65.0,65.2,63.8,64.7,-2.30,2118
107/02/06,8539663,519729568,62.0,62.7,59.5,60.6,-4.10,4517
107/02/07,3712962,234199578,62.6,63.7,62.0,62.9,+2.30,2150
107/02/08,1798176,111831512,63.2,63.3,61.4,61.8,-1.10,1189
107/02/09,2993044,179039384,58.9,61.2,58.7,60.7,-1.10,1738
107/02/12,1849407,112948834,61.0,61.4,60.7,61.4,+0.70,1073
107/02/21,8832323,542593829,61.4,62.4,60.8,61.0,-0.40,4334
107/02/22,3271980,201293854,61.5,61.8,61.1,61.7,+0.70,1700
107/02/23,3776930,239508784,62.4,64.3,62.1,63.5,+1.80,2204
107/02/26,2515447,160911597,64.2,64.7,63.6,63.6,+0.10,1117
107/02/27,2778552,177641302,64.3,64.5,63.5,63.9,+0.30,1187
