公開發行,000109,台工銀證,2007,9.93,1.86,0,0,0,0,0,0,0,,,0.28,2.8,0.24,0
公開發行,000116,日盛證券,2007,26.63,2.3,1.58,0,1.58,0,0,0,1.58,,,0.09,0.34,0.19,0
公開發行,000518,太證,2007,-2.29,-0.55,0,0,0,0,0,0,0,,,0.0,0,0.0,0
公開發行,000538,第一金證,2007,11.0,2.14,0.04,0,0.04,1.46,0,1.46,1.49,,,0.0,0,0.0,0
公開發行,000616,中信銀證,2007,4.52,0.9,0.22,0,0.22,0,0,0,0.22,,,0.0,0,0.0,0
公開發行,000646,大昌證券,2007,1.04,1.73,0.3,0,0.3,0,0,0,0.3,,,0.04,3.5,0.04,0
公開發行,000648,福邦證券,2007,-0.55,-0.4,0,0,0,0,0,0,0,,,0.0,0,0.0,0
上市,0015,富邦,2007,,,0.96,0,0.96,0,0,0,0.96,,,,,,
上市,0050,元大台灣50,2007,,,2,0,2,0,0,0,2,,,,,,
上市,01001T,土銀富邦R1,2007,,,0.46,0,0.46,0,0,0,0.46,,,,,,
上市,01002T,土銀國泰R1,2007,,,0.44,0,0.44,0,0,0,0.44,,,,,,
上市,01003T,兆豐新光R1,2007,,,0.39,0,0.39,0,0,0,0.39,,,,,,
上市,01004T,土銀富邦R2,2007,,,0.41,0,0.41,0,0,0,0.41,,,,,,
上市,01007T,兆豐國泰R2,2007,,,0.42,0,0.42,0,0,0,0.42,,,,,,
上市,01008T,駿馬R1,2007,,,0.27,0,0.27,0,0,0,0.27,,,,,,
上市,1101,台泥,2007,82.55,2.55,1.9,0,1.9,0.1,0,0.1,2,,,2.07,2.51,0.97,"11,052"
上市,1102,亞泥,2007,101.0,3.69,2.4,0,2.4,0.6,0,0.6,3,,,2.65,2.62,3.53,0
上市,1103,嘉泥,2007,9.8,1.8,0,0,0,1,0,1,1,,,0.11,1.08,0.11,0
上市,1104,環泥,2007,4.03,0.72,0,0,0,0.8,0,0.8,0.8,,,0.14,3.55,0.14,0
公開發行,1107,建台,2007,-3.72,-1.18,0,0,0,0,0,0,0,,,0.0,0,0.0,0
上市,1108,幸福,2007,1.27,0.31,0.25,0,0.25,0,0,0,0.25,,,0.04,3.34,0.03,0
上市,1109,信大,2007,2.5,0.58,0.5,0,0.5,0,0,0,0.5,,,0.11,4.5,0.02,0
上市,1110,東泥,2007,2.69,0.47,0.4,0,0.4,0,0,0,0.4,,,0.07,2.68,0.02,0
上市,1201,味全,2007,4.51,0.89,0,0,0,0,0,0,0,,,0.0,0,0.0,0
上市,1203,味王,2007,0.1,0.12,0,0,0,0,0,0,0,,,0.0,0,0.0,0
上市,1210,大成,2007,10.84,2.8,1.48,0,1.48,0.49,0,0.49,1.97,,,0.15,1.38,0.15,0
上市,1213,大飲,2007,0.06,0.11,0,0,0,0,0,0,0,,,0.0,0,0.0,0
上市,1215,卜蜂,2007,2.97,1.28,1,0,1,0,0,0,1,,,0.0,0,0.03,0
上市,1216,統一,2007,110.17,3.1,2,0,2,0.5,0,0.5,2.5,,,1.98,1.8,8.52,0
上市,1217,愛之味,2007,-2.39,-0.63,0,0,0,0,0,0,0,,,0.0,0,0.0,0
上市,1218,泰山,2007,0.5,0.17,0,0,0,0,0,0,0,,,,,,
上市,1219,福壽,2007,1.69,0.63,0.3,0,0.3,0.2,0.1,0.3,0.6,,,0.08,4.5,0.02,0
上市,1220,台榮,2007,-0.35,-0.2,0,0,0,0,0,0,0,,,0.0,0,0.0,0
上市,1225,福懋油,2007,1.83,1.13,0.25,0,0.25,0,0,0,0.25,,,0.02,1.23,0.02,0
上市,1227,佳格,2007,3.81,1.2,0.9,0,0.9,0,0,0,0.9,,,0.03,0.9,0.06,0
上市,1229,聯華,2007,14.82,2.09,0.7,0,0.7,0.5,0,0.5,1.2,,,0.08,0.54,0.0,"1,300"
上市,1231,聯華食,2007,0.81,0.7,0.6,0,0.6,0,0,0,0.6,,,0.01,1.8,0.01,0
上市,1232,大統益,2007,5.14,3.21,2.6,0,2.6,0,0,0,2.6,,,0.09,1.75,0.09,0
上市,1233,天仁,2007,1.32,1.49,1.4,0,1.4,0,0,0,1.4,,,0.03,2.52,0.03,0
上市,1234,黑松,2007,1.5,0.28,0.27,0,0.27,0,0,0,0.27,,,0.05,3.02,0.02,0
上市,1235,興泰,2007,0.76,1.75,0,0,0,1.4,0,1.4,1.4,,,0.03,4.52,0.02,0
上市,1236,宏亞,2007,1.4,1.72,0.8,0,0.8,0.5,0,0.5,1.3,,,0.02,1.61,0.04,0
上市,1301,台塑,2007,478.11,8.36,6.7,0,6.7,0,0,0,6.7,,,0.36,0.07,1.35,0
上市,1303,南亞,2007,590.47,7.75,6.7,0,6.7,0,0,0,6.7,,,0.3,0.05,1.97,0
上市,1304,台聚,2007,14.63,2.01,1.5,0,1.5,0,0,0,1.5,,,0.04,0.27,0.02,0
上市,1305,華夏,2007,0.47,0.11,0,0,0,0,0,0,0,,,0.0,0,0.0,0
上市,1307,三芳,2007,5.15,2.06,1,0,1,0.5,0,0.5,1.5,,,0.14,2.7,0.23,0
上市,1308,亞聚,2007,7.86,3.01,2,0,2,0,0,0,2,,,0.0,0,0.07,0
上市,1309,台達化,2007,2.12,0.78,0.2,0,0.2,0.3,0,0.3,0.5,,,0.0,0,0.02,0
上市,1310,台苯,2007,3.86,0.76,0.3,0,0.3,0.3,0,0.3,0.6,,,0.0,0,0.02,175
上市,1312,國喬,2007,11.86,1.82,0,0,0,0,0,0,0,,,0.0,0,0.0,0
上市,1312A,國喬特,2007,,,0,0,0,0,0,0,0,,,0.0,,0.0,0
上市,1313,聯成,2007,19.55,2.47,1,0,1,0.4,0,0.4,1.4,,,0.08,0.41,0.0,"2,800"
上市,1314,中石化,2007,28.68,1.7,0,0,0,0.6,0,0.6,0.6,,,0.24,0.83,0.0,"3,564"
上市,1315,達新,2007,3.53,1.59,1.2,0,1.2,0,0,0,1.2,,,0.01,0.38,0.01,0
上市,1316,上曜,2007,0.09,0.13,0,0,0,0,0,0,0,,,0.0,0,0.0,0
上市,1319,東陽,2007,9.93,2.41,0.55,0,0.55,0.3,0.3,0.6,1.15,,,0.11,1.14,0.04,0
上市,1321,大洋,2007,-2.29,-1.04,0,0,0,0,0,0,0,,,,,,
上市,1323,永裕,2007,0.72,0.97,0.3,0,0.3,0.5,0,0.5,0.8,,,0.01,1.85,0.05,0
上市,1324,地球,2007,-0.34,-0.45,0,0,0,0,0,0,0,,,0.0,0,0.0,0
上市,1325,恆大,2007,1.06,1.19,0.6,0,0.6,0,0,0,0.6,,,0.02,1.49,0.03,0
上市,1326,台化,2007,476.93,8.63,7,0,7,0,0,0,7,,,0.37,0.08,1.87,0
上櫃,1333,恩得利,2007,0.31,0.37,0,0,0,0.25,0,0.25,0.25,,,0.01,3.05,0.02,0
上櫃,1336,台翰,2007,2.21,4.14,1.5,0,1.5,0.1,1,1.1,2.6,,,0.03,1.35,0.08,400
上市,1402,遠東新,2007,113.67,2.54,1.8,0,1.8,0.2,0,0.2,2,,,2.89,2.54,3.85,0
上市,1409,新纖,2007,6.38,0.46,0.2,0,0.2,0,0,0,0.2,,,0.0,0,0.04,0
上市,1410,南染,2007,0.14,0.15,0,0,0,0,0,0,0,,,0.0,0,0.0,0
上市,1413,宏洲,2007,0.24,0.08,0,0,0,0,0,0,0,,,,,,
上市,1414,東和,2007,0.26,0.12,0,0,0,0,0,0,0,,,0.0,0,0.0,0
上市,1416,廣豐,2007,0.31,0.07,0,0,0,0,0,0,0,,,0.0,0,0.0,0
上市,1417,嘉裕,2007,0.49,0.13,0,0,0,0,0,0,0,,,0.0,0,0.0,0
上市,1418,東華,2007,-3.64,-1.5,0,0,0,0,0,0,0,,,0.0,0,0.0,0
上市,1419,新紡,2007,0.51,0.17,0.25,0,0.25,0,0,0,0.25,,,0.01,1.77,0.02,0
上市,1423,利華,2007,1.9,1.06,0.5,0,0.5,0,0,0,0.5,,,0.04,2.14,0.06,0
上市,1432,大魯閣,2007,2.89,3.79,0,0,0,0,0,0,0,,,0.0,0,0.0,0
上市,1434,福懋,2007,73.74,4.38,3.2,0,3.2,0,0,0,3.2,,,0.16,0.22,0.32,0
上市,1435,中福,2007,0.14,0.21,0,0,0,0,0,0,0,,,0.0,0,0.0,0
上市,1436,華友聯,2007,-0.59,-0.18,0,0,0,0,0,0,0,,,0.0,0,0.0,0
上市,1437,勤益控,2007,2.09,1.04,0.2,0,0.2,0,0,0,0.2,,,0.04,1.77,0.09,0
上市,1438,裕豐,2007,-0.7,-0.68,0,0,0,0,0,0,0,,,0.0,0,0.0,0
上市,1439,中和,2007,0.09,0.1,0,0,0,0,0,0,0,,,0.0,0,0.0,0
上市,1440,南紡,2007,17.05,1.14,0.6,0,0.6,0,0,0,0.6,,,0.47,2.78,0.32,0
上市,1441,大東,2007,-0.17,-0.16,0,0,0,0,0,0,0,,,0.0,0,0.0,0
上市,1442,名軒,2007,1.47,1.03,0,0,0,0,0,0,0,,,0.0,0,0.0,0
上市,1443,立益,2007,-3.57,-1.27,0,0,0,0,0,0,0,,,,,,
上市,1444,力麗,2007,4.01,0.6,0,0,0,0,0.5,0.5,0.5,,,0.0,0,0.0,0
上市,1445,大宇,2007,-0.32,-0.2,0.4,0,0.4,0,0,0,0.4,,,0.02,-6.95,0.01,0
上市,1446,宏和,2007,1.63,1.17,0.27,0,0.27,0,0,0,0.27,,,0.01,0.72,0.0,0
上市,1447,力鵬,2007,2.27,0.38,0,0,0,0,0.4,0.4,0.4,,,0.0,0,0.0,0
上市,1449,佳和,2007,-5.13,-1.67,0,0,0,0,0,0,0,,,0.0,0,0.0,0
上市,1451,年興,2007,12.69,2.12,1.5,0,1.5,0,0,0,1.5,,,0.09,0.72,0.09,0
上市,1452,宏益,2007,0.75,0.55,0.45,0,0.45,0,0,0,0.45,,,0.01,1.74,0.03,0
上市,1453,大將,2007,0.45,0.7,0,0,0,0,0,0,0,,,0.0,0,0.0,0
上市,1454,台富,2007,0.14,0.11,0,0,0,0,0.3,0.3,0.3,,,0.0,2.7,0.0,0
上市,1455,集盛,2007,1.72,0.36,0.12,0,0.12,0.18,0,0.18,0.3,,,0.05,2.65,0.03,0
上市,1456,怡華,2007,-0.28,-0.14,0,0,0,0,0,0,0,,,0.0,0,0.0,0
上市,1457,宜進,2007,0.0,0,0,0,0,0,0,0,0,,,0.0,0,0.0,0
上市,1459,聯發,2007,3.0,0.94,0.55,0,0.55,0,0.25,0.25,0.8,,,0.06,1.87,0.04,0
上市,1460,宏遠,2007,1.16,0.25,0.2,0,0.2,0,0,0,0.2,,,0.03,2.74,0.04,0
上市,1463,強盛,2007,-1.11,-0.69,0,0,0,0,0,0,0,,,0.0,0,0.0,0
上市,1464,得力,2007,0.41,0.24,0.2,0,0.2,0,0,0,0.2,,,0.01,2.66,0.01,0
上市,1465,偉全,2007,0.76,0.88,0.75,0,0.75,0,0,0,0.75,,,0.02,2.7,0.01,0
上市,1466,聚隆,2007,0.76,1.07,0,0,0,0,0,0,0,,,0.0,0,0.0,0
上市,1467,南緯,2007,0.84,0.52,0.6,0,0.6,0,0,0,0.6,,,0.02,2.44,0.02,0
上市,1468,昶和,2007,-0.6,-0.37,0,0,0,0,0,0,0,,,0.0,0,0.0,0
上市,1469,理隆,2007,-0.12,-0.09,0,0,0,0,0,0,0,,,0.0,0,0.0,0
上市,1470,大統染,2007,-0.17,-0.2,0,0,0,0,0,0,0,,,0.0,0,0.0,0
上市,1471,首利,2007,0.23,0.16,0,0,0,0.1,0,0.1,0.1,,,0.0,1.76,0.0,200
上市,1472,三洋紡,2007,-1.57,-1.92,0,0,0,0,0,0,0,,,0.0,0,0.0,0
上市,1473,台南,2007,5.69,4.21,2.5,0,2.5,0,0,0,2.5,,,0.03,0.44,0.05,0
上市,1474,弘裕,2007,0.83,0.63,0.1,0,0.1,0.4,0,0.4,0.5,,,0.02,2.7,0.02,0
上市,1475,本盟,2007,-0.89,-3.07,0,0,0,0,0,0,0,,,0.0,0,0.0,0
上市,1476,儒鴻,2007,3.34,2.01,1,0,1,0.3,0,0.3,1.3,,,,,,
上市,1477,聚陽,2007,11.04,7.86,5.97,0,5.97,0,0,0,5.97,,,0.29,2.59,0.79,0
上市,1503,士電,2007,10.36,1.99,1.2,0,1.2,0,0,0,1.2,,,0.37,3.57,0.74,0
上市,1504,東元,2007,27.09,1.46,1,0,1,0,0,0,1,,,0.98,3.6,2.19,0
上市,1506,正道,2007,-0.52,-0.51,0,0,0,0,0,0,0,,,,,,
上市,1507,永大,2007,8.25,2.02,1,0,1,0,0,0,1,,,0.04,0.43,0.32,0
上市,1512,瑞利,2007,1.25,0.71,0.3,0,0.3,0.3,0,0.3,0.6,,,0.0,0,0.01,0
上市,1513,中興電,2007,8.7,1.86,1.4,0,1.4,0,0,0,1.4,,,0.23,2.7,0.88,0
上市,1514,亞力,2007,0.66,0.35,0.27,0,0.27,0,0,0,0.27,,,0.03,4.5,0.01,0
上市,1515,力山,2007,-0.62,-0.27,0,0,0,0,0,0,0,,,0.0,0,0.0,0
上市,1516,川飛,2007,-1.69,-1.84,0,0,0,0,0,0,0,,,0.0,0,0.0,0
上市,1517,利奇,2007,1.5,0.66,0.6,0,0.6,0,0,0,0.6,,,0.03,1.8,0.08,0
上市,1519,華城,2007,6.6,3.21,2,0,2,0.5,0,0.5,2.5,,,0.09,1.29,0.46,0
上市,1521,大億,2007,1.44,1.89,1.5,0,1.5,0,0,0,1.5,,,0.0,0,0.01,0
上市,1522,堤維西,2007,4.61,1.8,0.41,0,0.41,0.41,0,0.41,0.81,,,0.05,1.09,0.04,0
上市,1523,開億,2007,,,0.1,0,0.1,0,0.2,0.2,0.3,,,0.0,,0.0,0
上市,1524,耿鼎,2007,0.75,0.46,0.15,0,0.15,0.15,0,0.15,0.3,,,0.01,1.5,0.03,0
上市,1525,江申,2007,1.1,1.81,0.5,0,0.5,0.5,0,0.5,1,,,0.01,0.9,0.05,0
上市,1526,日馳,2007,-0.31,-0.49,0,0,0,0,0,0,0,,,0.0,0,0.0,0
上市,1527,鑽全,2007,6.19,3.36,2.32,0,2.32,0,0,0,2.32,,,0.08,1.29,0.4,0
上市,1528,恩德,2007,2.34,2.17,1.06,0,1.06,0.53,0,0.53,1.59,,,0.06,2.7,0.21,0
上市,1529,樂士,2007,-1.8,-1.32,0,0,0,0,0,0,0,,,0.0,0,0.0,0
上市,1530,亞崴,2007,5.1,6.57,4,0,4,0.5,0,0.5,4.5,,,0.08,1.54,0.25,627
上市,1531,高林股,2007,4.16,2.45,0.2,0,0.2,1.3,0,1.3,1.5,,,0.07,1.8,0.03,"1,621"
上市,1532,勤美,2007,5.01,2.12,0.65,0,0.65,0.65,0.09,0.75,1.4,,,0.11,2.18,0.06,500
上市,1533,車王電,2007,2.13,2.21,1,0,1,0,0,0,1,,,0.04,1.8,0.06,0
上市,1535,中宇,2007,2.3,2.55,1.8,0,1.8,0,0,0,1.8,,,0.02,0.78,0.06,0
上市,1536,和大,2007,2.1,1.77,1.34,0,1.34,0.21,0.64,0.85,2.19,,,0.04,1.8,0.0,567
上市,1537,廣隆,2007,2.23,3.38,2.23,0,2.23,0,0,0,2.23,,,0.06,2.65,0.06,0
上市,1538,正峰新,2007,-5.13,-3.89,0,0,0,0,0,0,0,,,0.0,0,0.0,0
上市,1539,巨庭,2007,0.78,1.21,0.15,0,0.15,0.15,0,0.15,0.3,,,0.0,0.26,0.0,0
上市,1540,喬福,2007,2.87,4.16,3,0,3,0,0,0,3,,,0.04,1.56,0.07,0
上市,1541,錩泰,2007,0.79,1.15,0.1,0,0.1,0.5,0,0.5,0.6,,,0.01,1.52,0.02,0
上市,1558,伸興,2007,1.72,4.64,2.8,0,2.8,0,0,0,2.8,,,0.02,0.9,0.07,0
上市,1560,中砂,2007,4.56,3.41,2.1,0,2.1,0.5,0,0.5,2.6,,,0.07,1.45,0.4,825
興櫃,1563,巧新,2007,0.19,0.11,0.02,0,0.02,0.08,0.1,0.18,0.2,,,0.0,0,0.01,0
上櫃,1565,精華,2007,5.32,10.58,7.5,0,7.5,0,0,0,7.5,,,0.09,1.69,0.5,0
上櫃,1566,捷邦,2007,0.4,1.26,0.12,0,0.12,0,0,0,0.12,,,0.02,4.08,0.03,0
上市,1568,倉佑,2007,0.21,0.33,0.2,0,0.2,0,1.01,1.01,1.21,,,0.0,2.28,0.01,0
上櫃,1569,濱川,2007,0.83,1.52,0.62,0,0.62,0.62,0,0.62,1.25,,,0.01,1.21,0.0,746
上櫃,1570,力肯,2007,0.63,1.3,0.2,0,0.2,0.8,0,0.8,1,,,0.0,0,0.01,628
興櫃,1577,立格,2007,,,0.5,0,0.5,0,0,0,0.5,,,0.01,,0.0,0
上櫃,1580,新麥,2007,1.35,4.27,3.5,0,3.5,0,0,0,3.5,,,0.01,0.98,0.08,0
上市,1582,信錦,2007,3.77,9.1,5.93,0,5.93,0.49,0,0.49,6.43,,,0.08,2.12,0.1,"1,000"
上市,1583,程泰,2007,4.99,6.6,4.12,0,4.12,0.52,0,0.52,4.64,,,0.08,1.69,0.28,600
上櫃,1584,精剛,2007,1.3,3.64,1,0,1,0.5,0,0.5,1.5,,,0.03,2.4,0.06,686
興櫃,1585,鎧鉅,2007,0.41,1.53,0.1,0,0.1,0.86,0,0.86,0.96,,,0.01,2.67,0.02,0
上櫃,1586,和勤,2007,1.33,4.54,1,0,1,0,0,0,1,,,0.06,4.5,0.06,600
上市,1603,華電,2007,1.55,0.55,0,0,0,0,0,0,0,,,0.0,0,0.0,0
上市,1604,聲寶,2007,-21.39,-2.55,0,0,0,0,0,0,0,,,0.0,0,0.0,0
上市,1605,華新,2007,16.39,0.51,0.3,0,0.3,0,0,0,0.3,,,0.16,0.97,0.32,0
公開發行,1606,歌林,2007,5.88,0.7,0.12,0,0.12,0.28,0,0.28,0.4,,,,,,
上市,1608,華榮,2007,8.6,1.48,0.7,0,0.7,0,0,0,0.7,,,0.15,1.8,0.23,0
上市,1609,大亞,2007,0.95,0.16,0.15,0,0.15,0,0.15,0.15,0.3,,,0.03,2.7,0.01,0
上市,1611,中電,2007,4.61,1.21,1.2,0,1.2,0,0,0,1.2,,,0.1,2.11,0.15,0
上市,1612,宏泰,2007,7.85,2.38,1.6,0,1.6,0,0,0,1.6,,,0.14,1.8,0.28,0
公開發行,1613,台一,2007,2.46,1.23,0,0,0,0,0,0,0,,,0.0,0,0.0,0
上市,1614,三洋電,2007,4.13,1.36,1.12,0,1.12,0,0,0,1.12,,,0.11,2.7,0.08,0
上市,1615,大山,2007,1.56,1.61,0.91,0,0.91,0,0,0,0.91,,,0.03,1.61,0.03,0
上市,1616,億泰,2007,-1.34,-0.74,0,0,0,0,0.5,0.5,0.5,,,0.0,0,0.0,0
上市,1617,榮星,2007,0.34,0.29,0.1,0,0.1,0.1,0,0.1,0.2,,,0.0,1.4,0.0,0
上市,1618,合機,2007,0.17,0.08,0,0,0,0,0,0,0,,,0.0,0,0.0,0
上市,1701,中化,2007,2.25,0.77,0.5,0,0.5,0,0,0,0.5,,,0.02,0.74,0.17,0
上市,1702,南僑,2007,0.2,0.08,0,0,0,0,0,0,0,,,0.0,0,0.0,0
上市,1704,榮化,2007,11.45,2.15,2.7,0,2.7,0,0,0,2.7,,,0.09,0.79,0.09,0
上市,1707,葡萄王,2007,1.81,1.39,1.2,0,1.2,0,0,0,1.2,,,0.13,7.38,0.21,0
上市,1708,東鹼,2007,4.21,2.31,1.5,0,1.5,0,0,0,1.5,,,0.12,2.86,0.26,0
上市,1709,和益,2007,2.08,0.83,0,0,0,0.64,0,0.64,0.64,,,0.06,2.7,0.0,561
上市,1710,東聯,2007,23.32,3.01,2.2,0,2.2,0.2,0,0.2,2.4,,,0.19,0.84,0.19,"1,948"
上市,1711,永光,2007,1.1,0.29,0.3,0,0.3,0,0,0,0.3,,,0.02,2,0.05,0
上市,1712,興農,2007,2.34,0.65,0.6,0,0.6,0,0,0,0.6,,,0.11,4.5,0.02,0
上市,1713,國化,2007,0.48,0.32,0.3,0,0.3,0,0,0,0.3,,,0.0,0.9,0.02,0
上市,1714,和桐,2007,0.48,0.08,0,0,0,0,0,0,0,,,,,,
公開發行,1715,萬洲,2007,2.08,0.82,0.77,0,0.77,0,0,0,0.77,,,0.0,0,0.02,0
公開發行,1716,永信藥品,2007,5.58,2.2,2,0,2,0,0,0,2,,,0.07,1.31,0.24,0
上市,1717,長興,2007,25.02,3.11,1.4,0,1.4,1,0,1,2.4,,,0.08,0.32,0.39,"7,320"
上市,1718,中纖,2007,19.55,1.66,0.83,0,0.83,0,0,0,0.83,,,0.06,0.31,0.24,0
上市,1720,生達,2007,2.68,1.77,1.25,0,1.25,0,0,0,1.25,,,0.07,2.61,0.02,0
上市,1721,三晃,2007,0.0,0,0,0,0,0,0,0,0,,,0.0,0,0.0,0
上市,1722,台肥,2007,37.69,3.91,3.4,0,3.4,0,0,0,3.4,,,0.7,1.86,1.05,0
上市,1723,中碳,2007,14.51,6.69,5,0,5,0.5,0,0.5,5.5,,,0.13,0.9,0.42,"2,288"
上市,1724,台硝,2007,1.15,0.9,0.73,0,0.73,0,0,0,0.73,,,0.05,4.52,0.05,0
上市,1725,元禎,2007,2.4,2.03,0.18,0,0.18,1.6,0,1.6,1.78,,,0.01,0.45,0.04,0
上市,1726,永記,2007,6.24,3.9,2,0,2,0.13,0,0.13,2.13,,,0.01,0.11,0.07,0
上市,1727,中華化,2007,0.35,0.51,0.23,0,0.23,0.27,0,0.27,0.5,,,0.01,3,0.0,164
公開發行,1729,必翔,2007,3.23,1.91,1.6,0,1.6,0,0,0,1.6,,,0.01,0.45,0.15,0
上市,1730,花仙子,2007,0.39,0.73,0.7,0,0.7,0,0,0,0.7,,,0.0,1.08,0.04,0
上市,1731,美吾華,2007,0.61,0.58,0.25,0,0.25,0,0,0,0.25,,,0.0,0.71,0.01,0
上市,1732,毛寶,2007,0.22,0.51,0.5,0,0.5,0,0,0,0.5,,,0.0,1.8,0.02,0
上市,1733,五鼎,2007,4.03,4.86,4,0,4,0,0,0,4,,,0.04,0.9,0.25,0
上市,1734,杏輝,2007,0.81,0.76,0.64,0,0.64,0,0,0,0.64,,,0.01,1.36,0.02,0
上市,1735,日勝化,2007,0.9,1,0.4,0,0.4,0.4,0,0.4,0.8,,,0.01,0.8,0.02,0
上市,1736,喬山,2007,5.6,3,1,0,1,0.2,0,0.2,1.2,,,0.1,1.7,0.01,318
上市,1737,臺鹽,2007,0.47,0.17,0.5,0,0.5,0,0,0,0.5,,,0.01,1.8,0.01,0
上櫃,1742,台蠟,2007,1.3,4.28,2.78,0,2.78,1,0,1,3.78,,,0.0,0,0.0,235
上櫃,1752,南光,2007,0.85,1.68,0.2,0,0.2,1,0,1,1.2,,,0.02,2.7,0.02,0
公開發行,1757,國慶,2007,0.72,1.86,0.5,0,0.5,0.8,0,0.8,1.3,,,0.01,0.9,0.02,0
上市,1773,勝一,2007,4.82,4.15,3,0,3,0,0,0,3,,,0.19,3.98,0.04,0
上市,1776,展宇,2007,1.01,2.48,2,0,2,0.5,0,0.5,2.5,,,0.03,3.37,0.06,159
上櫃,1777,生泰,2007,0.38,1.74,1.52,0,1.52,0,0,0,1.52,,,0.0,0.9,0.0,0
上櫃,1781,合世,2007,0.18,0.5,0,0,0,0,0,0,0,,,,,,
上櫃,1784,訊聯,2007,0.61,2.23,1.45,0,1.45,0.1,0,0.1,1.55,,,0.02,3.86,0.04,28
上櫃,1785,光洋科,2007,16.86,11.59,1.99,0,1.99,5.96,0,5.96,7.95,,,0.3,1.8,2.1,0
上櫃,1787,福盈科,2007,0.65,1.4,0.4,0,0.4,0.5,0,0.5,0.9,,,0.01,1.35,0.07,0
上櫃,1788,杏昌,2007,1.14,4.57,3.8,0,3.8,0,0,0,3.8,,,0.03,2.7,0.01,0
上櫃,1795,美時,2007,0.48,1.77,1,0,1,1,0,1,2,,,0.01,2.7,0.01,0
上櫃,1799,易威,2007,0.5,2.83,1.96,0,1.96,0,0,0,1.96,,,0.01,2.7,0.05,0
上市,1802,台玻,2007,33.18,1.84,0.4,0,0.4,0.8,0,0.8,1.2,,,0.33,1,0.33,0
上市,1805,寶徠,2007,0.34,0.64,0,0,0,0,0,0,0,,,0.0,0,0.0,0
上市,1806,冠軍,2007,5.85,1.83,0.3,0,0.3,0.5,0,0.5,0.8,,,0.16,2.7,0.15,612
上櫃,1807,羅馬,2007,,,0,0,0,0,0,0,0,,,,,,
上市,1808,潤隆,2007,1.41,1.73,1,0,1,2,0,2,3,,,0.04,2.7,0.01,130
上市,1809,中釉,2007,0.85,0.51,0.1,0,0.1,0.15,0,0.15,0.25,,,0.02,1.8,0.0,383
上市,1810,和成,2007,-3.22,-0.77,0,0,0,0,0,0,0,,,,,,
上櫃,1813,寶利徠,2007,0.82,2.42,1.05,0,1.05,1.05,0,1.05,2.1,,,0.0,0,0.0,0
興櫃,1814,東光訊,2007,0.3,0.83,0.2,0,0.2,0,0,0,0.2,,,0.0,1.34,0.0,0
上櫃,1815,富喬,2007,4.27,1.89,0.5,0,0.5,0.71,0,0.71,1.21,,,0.12,2.7,0.23,0
上市,1902,台紙,2007,3.18,0.97,0,0,0,0,0,0,0,,,0.0,0,0.0,0
上市,1903,士紙,2007,2.68,1.03,0,0,0,0,0,0,0,,,0.02,0.65,0.0,0
上市,1904,正隆,2007,6.05,0.57,0.4,0,0.4,0,0,0,0.4,,,0.0,0,0.28,0
上市,1905,華紙,2007,8.47,1.41,1.1,0,1.1,0,0,0,1.1,,,0.12,1.43,0.73,0
上市,1906,寶隆,2007,0.57,0.39,0,0,0,0,0,0,0,,,0.0,0,0.0,0
上市,1907,永豐餘,2007,11.03,0.7,0.4,0,0.4,0.2,0,0.2,0.6,,,0.07,0.63,0.22,0
上市,1909,榮成,2007,2.39,0.47,0,0,0,0.51,0,0.51,0.51,,,0.0,0,0.02,0
上市,2002,中鋼,2007,512.64,4.49,3.5,0,3.5,0.3,0,0.3,3.8,,,0.69,0.14,9.23,"138,470"
上市,2002A,中鋼特,2007,,,3.5,0,3.5,0.3,0,0.3,3.8,,,0.69,,9.23,"138,470"
上市,2006,東和鋼鐵,2007,43.86,4.84,3.2,0,3.2,0,0,0,3.2,,,1.18,2.7,1.18,0
上市,2007,燁興,2007,-2.1,-0.3,0,0,0,0,0,0,0,,,0.0,0,0.0,0
上市,2008,高興昌,2007,0.95,0.25,0,0,0,0,0,0,0,,,,,,
上市,2009,第一銅,2007,4.43,1.23,0.9,0,0.9,0,0,0,0.9,,,0.08,1.8,0.12,0
上市,2010,春源,2007,4.45,0.8,0.3,0,0.3,0.4,0,0.4,0.7,,,0.04,0.9,0.08,0
上市,2012,春雨,2007,1.57,0.63,0.5,0,0.5,0,0,0,0.5,,,0.0,0,0.0,0
上市,2013,中鋼構,2007,2.62,1.7,1.2,0,1.2,0,0,0,1.2,,,0.02,0.77,0.06,0
上市,2014,中鴻,2007,26.85,2.09,1.77,0,1.77,0,0,0,1.77,,,0.24,0.9,1.21,0
上市,2015,豐興,2007,25.94,4.58,3,0,3,0.3,0,0.3,3.3,,,0.7,2.7,0.24,0
上市,2017,官田鋼,2007,-8.13,-2.04,0,0,0,0,0,0,0,,,0.0,0,0.0,0
上市,2020,美亞,2007,6.15,3.6,2.65,0,2.65,0,0,0,2.65,,,0.17,2.7,0.22,0
上市,2022,聚亨,2007,0.38,0.08,0,0,0,0,0,0,0,,,0.0,0,0.0,0
上市,2023,燁輝,2007,16.06,1.16,0.5,0,0.5,0.5,0,0.5,1,,,0.01,0.08,0.06,0
上市,2024,志聯,2007,-0.11,-0.1,0,0,0,0,0,0,0,,,0.0,0,0.0,0
上市,2025,千興,2007,0.43,0.15,0,0,0,0,0,0,0,,,0.0,0,0.0,0
上市,2027,大成鋼,2007,21.01,5.37,3.05,0,3.05,0,0,0,3.05,,,0.22,1.07,0.45,0
上市,2028,威致,2007,3.19,1.21,0,0,0,0,0,0,0,,,,,,
上市,2029,盛餘,2007,7.76,2.41,1.8,0,1.8,0,0,0,1.8,,,0.04,0.45,0.1,0
上市,2030,彰源,2007,5.78,2.44,0.6,0,0.6,1.5,0,1.5,2.1,,,0.05,0.9,0.05,0
上市,2031,新光鋼,2007,7.96,3.5,1.78,0,1.78,0.09,0,0.09,1.87,,,0.22,2.7,0.07,700
上市,2032,新鋼,2007,0.11,0.1,0.5,0,0.5,0,0,0,0.5,,,0.01,5.76,0.01,0
上市,2033,佳大,2007,0.09,0.12,0.3,0,0.3,0,0,0,0.3,,,0.01,7.69,0.01,0
上市,2034,允強,2007,8.11,2.89,1.52,0,1.52,0.81,0,0.81,2.33,,,0.15,1.8,0.37,0
上櫃,2035,唐榮,2007,0.13,0.04,0,0,0,0,0,0,0,,,0.0,0,0.0,0
上市,2038,海光,2007,4.01,2.91,1.5,0,1.5,0,0,0,1.5,,,0.07,1.8,0.04,0
上市,2049,上銀,2007,9.39,4.67,1.6,0,1.6,0,0,0,1.6,,,0.35,3.75,0.7,0
公開發行,2056,璋釔,2007,0.51,0.79,0.4,0,0.4,0,0,0,0.4,,,0.01,1.85,0.01,0
上市,2059,川湖,2007,6.33,8.51,4,0,4,0.5,0,0.5,4.5,,,0.03,0.47,0.21,409
上櫃,2061,風青,2007,0.17,0.54,0.26,0,0.26,0,0,0,0.26,,,0.01,5.07,0.01,0
上市,2062,橋椿,2007,5.83,3.78,2,0,2,0,0,0,2,,,0.03,0.49,0.05,0
上市,2101,南港,2007,20.07,3.85,0.5,0,0.5,3,0,3,3.5,,,0.0,0,0.0,0
上市,2102,泰豐,2007,6.21,2.03,0.65,0,0.65,0.35,0,0.35,1,,,0.19,3.01,0.37,0
上市,2103,台橡,2007,32.62,5.02,4.4,0,4.4,0,0,0,4.4,,,0.29,0.9,0.59,0
上市,2104,中橡,2007,12.16,2.82,2,0,2,0,0,0,2,,,0.47,3.85,0.08,0
上市,2105,正新,2007,55.69,4.27,1.2,0,1.2,1.5,0,1.5,2.7,,,0.86,1.55,0.58,0
上市,2106,建大,2007,4.51,0.92,0,0,0,0.75,0,0.75,0.75,,,0.06,1.25,0.04,0
上市,2107,厚生,2007,2.5,0.48,0.35,0,0.35,0,0,0,0.35,,,0.02,0.8,0.02,0
上市,2108,南帝,2007,8.1,3.04,1,0,1,1,0,1,2,,,0.22,2.7,0.15,0
上市,2109,華豐,2007,0.46,0.15,0,0,0,0.1,0,0.1,0.1,,,0.01,2.15,0.0,0
上市,2114,鑫永銓,2007,2.41,5.37,3,0,3,0.5,0,0.5,3.5,,,0.07,2.69,0.05,500
上市,2201,裕隆,2007,31.02,2.13,0.6,0,0.6,0.15,0,0.15,0.75,,,0.14,0.45,1.39,0
上市,2204,中華,2007,18.67,1.34,0.4,0,0.4,0,0,0,0.4,,,0.08,0.45,0.84,0
上市,2206,三陽工業,2007,9.46,1.21,0.5,0,0.5,0.5,0,0.5,1,,,0.05,0.53,0.02,0
上市,2207,和泰車,2007,34.05,6.23,4.2,0,4.2,0,0,0,4.2,,,0.92,2.7,0.31,0
上市,2208,台船,2007,18.41,2.76,0,0,0,0,0,0,0,,,,,,
上櫃,2221,大甲,2007,1.09,2.71,1.5,0,1.5,0,0,0,1.5,,,0.02,1.47,0.04,0
上市,2227,裕日車,2007,14.71,4.9,1.7,0,1.7,0,0,0,1.7,,,0.0,0,0.59,0
上櫃,2230,泰茂,2007,0.32,1.3,0.3,0,0.3,0.76,0,0.76,1.06,,,0.0,0,0.01,0
上市,2231,為升,2007,1.39,3.24,2,0,2,0.3,0,0.3,2.3,,,0.0,0,0.0,0
上市,2301,光寶科,2007,84.9,3.45,2.95,0,2.95,0.05,0,0.05,3,,,0.73,0.87,3.35,"40,000"
上市,2302,麗正,2007,-5.51,-2.71,0,0,0,0,0,0,0,,,0.0,0,0.0,0
上市,2303,聯電,2007,169.62,1.09,0.75,0,0.75,0.08,0.37,0.45,1.2,,,0.12,0.07,2.87,"114,617"
上市,2305,全友,2007,0.03,0.01,0,0,0,0,0,0,0,,,,,,
上市,2308,台達電,2007,150.61,7.15,5.5,0,5.5,0.1,0.1,0.2,5.7,,,0.16,0.11,3.65,"36,500"
公開發行,2311,日月光,2007,121.65,2.34,1.71,0,1.71,0.09,0.2,0.29,2,,,2.16,1.78,3.83,"38,321"
上市,2312,金寶,2007,11.14,0.81,0.6,0,0.6,0.2,0,0.2,0.8,,,0.2,1.8,0.2,"3,007"
上市,2313,華通,2007,6.95,0.58,0.1,0,0.1,0,0,0,0.1,,,0.0,0,0.06,0
上市,2314,台揚,2007,4.54,1.07,0.75,0,0.75,0,0,0,0.75,,,0.04,0.9,0.41,0
公開發行,2315,神達,2007,56.48,4.07,1.4,0,1.4,0.4,0,0.4,1.8,,,0.06,0.11,3.05,"20,334"
上市,2316,楠梓電,2007,-5.04,-1.11,0,0,0,0,0,0,0,,,0.0,0,0.0,0
上市,2317,鴻海,2007,776.9,12.35,3,0,3,1.5,0,1.5,4.5,,,0.0,0,37.91,"180,242"
上市,2321,東訊,2007,-7.47,-2.51,0,0,0,0,0,0,0,,,0.0,0,0.0,0
上市,2323,中環,2007,-19.61,-0.69,0,0,0,0,0,0,0,,,0.0,0,0.0,0
上市,2324,仁寶,2007,136.83,3.58,2.4,0,2.4,0.02,0.03,0.05,2.45,,,2.46,1.8,0.62,"55,417"
公開發行,2325,矽品,2007,174.89,5.8,4.5,0,4.5,0.1,0,0.1,4.6,,,1.57,0.9,11.0,"47,145"
上櫃,2326,亞瑟,2007,,,0,0,0,0,0,0,0,,,,,,
上市,2327,國巨,2007,21.99,0.9,0.31,0,0.31,0,0,0,0.31,,,0.24,1.09,1.02,0
上市,2328,廣宇,2007,10.71,2.43,0.7,0,0.7,0.5,0,0.5,1.2,,,0.0,0,0.35,"4,225"
上市,2329,華泰,2007,-6.49,-0.66,0,0,0,0,0,0,0,,,0.0,0,0.0,0
上市,2330,台積電,2007,"1,091.77",4.14,3.03,0,3.03,0.02,0.03,0.05,3.08,,,1.77,0.16,39.4,"393,988"
上市,2331,精英,2007,8.56,0.71,0.47,0,0.47,0.11,0.04,0.16,0.63,,,0.08,0.9,0.15,"6,160"
上市,2332,友訊,2007,33.39,5.03,2.5,0,2.5,0.2,0,0.2,2.7,,,0.6,1.8,0.78,"7,200"
上市,2337,旺宏,2007,46.54,1.55,1,0,1,0.1,0,0.1,1.1,,,0.84,1.8,2.97,"29,721"
上市,2338,光罩,2007,8.26,2.41,1.5,0,1.5,0,0,0,1.5,,,0.06,0.68,0.78,0
上市,2340,光磊,2007,9.21,1.8,0.99,0,0.99,0,0,0,0.99,,,0.33,3.53,0.98,0
公開發行,2341,英群,2007,-8.68,-5.44,0,0,0,0,0,0,0,,,0.0,0,0.0,0
上市,2342,茂矽,2007,3.24,0.31,0,0,0,0,0,0,0,,,0.0,0,0.0,0
上市,2344,華邦電,2007,-58.12,-1.57,0,0,0,0,0,0,0,,,0.0,0,0.0,0
上市,2345,智邦,2007,-2.59,-0.48,0,0,0,0,0,0,0,,,0.0,0,0.0,0
上市,2347,聯強,2007,38.02,3.54,2,0,2,1,0,1,3,,,0.06,0.16,0.0,"11,600"
上市,2348,海悅,2007,0.62,0.57,0,0,0,0,0,0,0,,,0.0,0,0.0,0
上市,2349,錸德,2007,0.26,0.01,0,0,0,0,0,0,0,,,0.0,0,0.0,0
上市,2350,環電,2007,,,1.44,0,1.44,0.36,0,0.36,1.8,,,0.17,,1.01,"6,726"
上市,2351,順德,2007,4.9,2.82,1.8,0,1.8,0,0,0,1.8,,,0.05,0.97,0.05,0
上市,2352,佳世達,2007,47.72,3.11,0.1,0,0.1,0.8,0,0.8,0.9,,,0.29,0.61,0.0,"21,942"
上市,2353,宏碁,2007,129.59,5.48,3.6,0,3.6,0.15,0,0.15,3.75,,,1.17,0.9,5.45,"33,000"
上市,2354,鴻準,2007,90.45,11.92,4,0,4,1,0,1,5,,,0.0,0,5.21,"13,050"
上市,2355,敬鵬,2007,17.82,4.62,2.27,0,2.27,0,0,0,2.27,,,0.11,0.61,0.5,0
上市,2356,英業達,2007,56.38,2.32,1.3,0,1.3,0.5,0,0.5,1.8,,,1.01,1.8,2.37,"11,810"
上市,2357,華碩,2007,276.23,7.52,2.49,0,2.49,1,0,1,3.49,,,2.11,0.76,9.12,"120,000"
上市,2358,廷鑫,2007,0.16,0.25,0,0,0,0,0,0,0,,,0.0,0,0.0,0
上市,2359,所羅門,2007,15.22,4.01,0,0,0,1,0,1,1,,,0.07,0.48,0.0,"2,178"
上市,2360,致茂,2007,15.38,5.22,3.59,0,3.59,0.6,0,0.6,4.19,,,0.09,0.55,0.77,"5,152"
公開發行,2361,鴻友,2007,-6.24,-1.85,0,0,0,0,0,0,0,,,,,,
上市,2362,藍天,2007,12.01,2.17,0.5,0,0.5,0.5,0,0.5,1,,,0.11,0.9,0.0,"12,954"
上市,2363,矽統,2007,-18.82,-1.27,0,0,0,0,0,0,0,,,,,,
上市,2364,倫飛,2007,0.17,0.07,0,0,0,0,0,0,0,,,0.0,0,0.0,0
上市,2365,昆盈,2007,12.11,4.5,3.51,0,3.51,0.4,1,1.4,4.91,,,0.1,0.83,0.44,"6,400"
上市,2367,燿華,2007,14.6,3.65,2,0,2,0.5,0,0.5,2.5,,,0.26,1.8,0.0,"6,570"
上市,2368,金像電,2007,13.47,2.66,0.1,0,0.1,0.8,0,0.8,0.9,,,0.1,0.76,0.85,0
上市,2369,菱生,2007,2.95,0.98,0.82,0,0.82,0,0,0,0.82,,,0.06,2.11,0.31,0
上市,2371,大同,2007,35.77,0.81,0,0,0,0,0,0,0,,,0.0,0,0.0,0
上市,2373,震旦行,2007,5.45,1.83,1.27,0,1.27,0.01,0.36,0.37,1.64,,,0.0,0,0.0,"1,264"
上市,2374,佳能,2007,20.6,5.37,3.28,0,3.28,0.51,0,0.51,3.8,,,0.52,2.54,0.89,"12,000"
上市,2375,智寶,2007,-1.27,-0.35,0,0,0,0,0,0,0,,,0.0,0,0.0,0
上市,2376,技嘉,2007,13.25,1.98,0.99,0,0.99,0,0,0,0.99,,,0.22,1.68,0.74,0
上市,2377,微星,2007,29.13,3.07,0.8,0,0.8,0.4,0,0.4,1.2,,,0.26,0.9,0.8,"18,200"
上市,2379,瑞昱,2007,18.77,3.3,3,0,3,0.1,0.1,0.2,3.2,,,0.33,1.78,1.64,"7,025"
上市,2380,虹光,2007,4.29,1.89,1.05,0,1.05,0.05,0,0.05,1.1,,,0.05,1.12,0.16,"2,300"
公開發行,2381,華宇,2007,-27.84,-2.8,0,0,0,0,0,0,0,,,0.0,0,0.0,0
上市,2382,廣達,2007,184.47,5.33,3.5,0,3.5,0.3,0,0.3,3.8,,,0.4,0.22,0.5,"70,000"
上市,2383,台光電,2007,3.56,1.52,0.2,0,0.2,0.81,0,0.81,1.01,,,0.05,1.44,0.0,"1,286"
公開發行,2384,勝華,2007,5.92,0.55,0.39,0,0.39,0,0,0,0.39,,,0.1,1.69,0.8,0
上市,2385,群光,2007,26.9,5.76,3.5,0,3.5,0.7,0,0.7,4.2,,,0.24,0.91,0.16,"22,787"
上市,2387,精元,2007,9.91,3,1.1,0,1.1,1,0,1,2.1,,,0.02,0.2,0.69,0
上市,2388,威盛,2007,-49.38,-3.82,0,0,0,0,0,0,0,,,0.0,0,0.0,0
上市,2390,云辰,2007,-0.4,-0.18,0,0,0,0,0,0,0,,,0.0,0,0.0,0
公開發行,2391,合勤科技,2007,,,0.85,0,0.85,0.15,0,0.15,1,,,0.2,,0.33,"7,317"
上市,2392,正崴,2007,23.04,5.74,2.5,0,2.5,0.5,0,0.5,3,,,0.01,0.06,0.06,"15,800"
上市,2393,億光,2007,22.1,6.55,3.9,0,3.9,0.2,0,0.2,4.1,,,0.34,1.54,1.53,"6,080"
上市,2395,研華,2007,29.71,6.11,4,0,4,0.5,0,0.5,4.5,,,0.27,0.89,2.05,"6,000"
公開發行,2396,精碟科技,2007,-28.75,-2.25,0,0,0,0,0,0,0,,,,,,
上市,2397,友通,2007,6.33,5.56,4.3,0,4.3,0.1,0,0.1,4.4,,,0.06,0.9,0.13,"3,848"
上市,2399,映泰,2007,4.27,2.55,1,0,1,0.4,0,0.4,1.4,,,0.03,0.65,0.0,"4,108"
上市,2401,凌陽,2007,20.62,3.53,2.5,0,2.5,0.3,0.2,0.5,3,,,0.23,1.12,0.15,"13,500"
上市,2402,毅嘉,2007,3.71,1.16,0.8,0,0.8,0.2,0,0.2,1,,,0.09,2.43,0.0,"4,700"
上市,2403,友尚,2007,,,1,0,1,0.5,0.3,0.8,1.8,,,0.2,,0.3,"6,000"
上市,2404,漢唐,2007,9.02,3.6,2.9,0,2.9,0,0,0,2.9,,,0.16,1.79,0.65,0
上市,2405,浩鑫,2007,0.51,0.25,0.2,0,0.2,0,0,0,0.2,,,0.01,2.34,0.06,0
上市,2406,國碩,2007,-13.4,-4.58,0,0,0,0,0,0,0,,,0.0,0,0.0,0
上市,2408,南亞科,2007,-124.58,-2.89,0,0,0,0,0,0,0,,,,,,
上市,2409,友達,2007,564.18,7.22,2.5,0,2.5,0.5,0,0.5,3,,,1.39,0.25,16.25,"243,725"
上櫃,2410,鼎大,2007,,,0,0,0,0,0,0,0,,,,,,
上市,2411,飛瑞,2007,,,2.36,0,2.36,0,0,0,2.36,,,,,,
上市,2412,中華電,2007,482.49,4.56,4.26,0,4.26,0.1,2,2.1,6.36,,,0.0,0,0.0,0
上市,2413,環科,2007,1.04,0.8,0.25,0,0.25,0.25,0,0.25,0.51,,,0.01,0.82,0.02,250
上市,2414,精技,2007,2.67,1.3,1,0,1,0,0,0,1,,,0.02,0.9,0.24,0
上市,2415,錩新,2007,0.78,1,0.9,0,0.9,0,0,0,0.9,,,0.02,2.97,0.02,0
上市,2417,圓剛,2007,9.4,4.77,2.2,0,2.2,0.8,0,0.8,3,,,0.17,1.8,0.22,"6,245"
上市,2419,仲琦,2007,0.09,0.07,0,0,0,0,0,0,0,,,0.0,0,0.0,0
上市,2420,新巨,2007,3.24,2.22,1.5,0,1.5,0.44,0.06,0.5,2,,,0.06,1.85,0.11,0
上市,2421,建準,2007,2.55,1.14,0.2,0,0.2,0.6,0,0.6,0.8,,,0.1,4.02,0.0,"1,023"
上市,2423,固緯,2007,2.35,2.5,1.5,0,1.5,0.5,0,0.5,2,,,0.05,1.98,0.0,"1,632"
上市,2424,隴華,2007,-2.75,-3.32,0,0,0,0,0,0,0,,,0.0,0,0.0,0
上市,2425,承啟,2007,-3.14,-2.42,0,0,0,0,0,0,0,,,0.0,0,0.0,0
上市,2426,鼎元,2007,4.47,1.63,0.6,0,0.6,0.4,0.3,0.7,1.3,,,0.16,3.6,0.12,"4,022"
上市,2427,三商電,2007,-4.56,-2.05,0,0,0,0,0,0,0,,,0.0,0,0.0,0
上市,2428,興勤,2007,3.56,3.06,1.7,0,1.7,0,0,0,1.7,,,0.07,1.91,0.28,0
上市,2429,銘旺科,2007,-1.01,-0.59,0,0,0,0,0,0,0,,,,,,
上市,2430,燦坤,2007,23.35,9.55,0.5,0,0.5,3,0,3,3.5,,,0.0,0,0.43,"2,000"
上市,2431,聯昌,2007,-0.67,-0.64,0,0,0,0,0,0,0,,,,,,
上市,2432,倚天,2007,,,2.9,0,2.9,0.1,0,0.1,3,,,,,,
上市,2433,互盛電,2007,4.21,2.93,2.59,0,2.59,0.01,0,0.01,2.6,,,0.0,0,0.0,450
上市,2434,統懋,2007,0.47,0.57,0.45,0,0.45,0,0,0,0.45,,,0.01,1.9,0.04,0
上市,2436,偉詮電,2007,3.59,1.62,0.1,0,0.1,0.9,0,0.9,1,,,0.08,2.28,0.01,"3,174"
上市,2437,旺詮,2007,2.27,3.76,3.2,0,3.2,0,0,0,3.2,,,0.09,3.97,0.16,0
上市,2438,翔耀,2007,1.31,0.46,0.22,0,0.22,0,0,0,0.22,,,0.0,0,0.0,0
上市,2439,美律,2007,8.96,5.63,4.28,0,4.28,0,0,0,4.28,,,0.16,1.8,0.4,0
上市,2440,太空梭,2007,1.46,0.53,0.4,0,0.4,0.3,0,0.3,0.7,,,0.03,1.8,0.04,394
上市,2441,超豐,2007,24.03,5.07,3,0,3,0.6,0,0.6,3.6,,,0.6,2.51,0.72,"16,871"
上市,2442,新美齊,2007,1.2,0.48,0,0,0,0,0,0,0,,,0.0,0,0.0,0
上市,2443,新利虹,2007,0.65,0.15,0,0,0,0,0,0,0,,,,,,
上市,2444,友旺,2007,1.07,0.89,0.5,0,0.5,0,0,0,0.5,,,0.02,1.77,0.14,0
上市,2446,全懋,2007,,,0.5,0,0.5,0.5,0,0.5,1,,,0.22,,0.45,"6,731"
上市,2448,晶電,2007,20.94,3.92,2.4,0,2.4,0.1,0,0.1,2.5,,,0.57,2.7,1.3,"6,200"
上市,2449,京元電子,2007,20.01,1.67,0.6,0,0.6,0.5,0,0.5,1.1,,,0.15,0.73,0.8,"6,577"
上市,2450,神腦,2007,9.31,4.03,2.95,0,2.95,0.1,0,0.1,3.05,,,0.25,2.65,0.16,"6,584"
上市,2451,創見,2007,27.0,7.78,3.97,0,3.97,0.1,0.4,0.5,4.46,,,0.03,0.11,0.23,"2,303"
上市,2452,乾坤,2007,,,2.49,0,2.49,0.25,0,0.25,2.74,,,0.06,,0.06,"4,500"
上市,2453,凌群,2007,0.18,0.18,0,0,0,0,0,0,0,,,0.0,0,0.0,0
上市,2454,聯發科,2007,335.93,32.59,19,0,19,0.1,0,0.1,19.1,,,0.76,0.22,32.0,"21,890"
上市,2455,全新,2007,1.67,1.65,0,0,0,0,1.01,1.01,1.01,,,0.0,0,0.0,0
上市,2456,奇力新,2007,2.55,1.75,1,0,1,0.2,0,0.2,1.2,,,0.04,1.71,0.05,"1,708"
上市,2457,飛宏,2007,6.98,2.01,0.7,0,0.7,0.87,0,0.87,1.57,,,0.31,4.5,0.0,"4,874"
上市,2458,義隆,2007,5.94,1.75,1,0,1,0,0,0,1,,,0.06,1.08,0.41,0
上市,2459,敦吉,2007,4.56,3.01,1.65,0,1.65,0.15,0,0.15,1.8,,,0.04,0.77,0.0,"1,800"
上市,2460,建通,2007,4.78,3.48,1.2,0,1.2,1.7,0,1.7,2.9,,,0.02,0.5,0.0,"1,491"
上市,2461,光群雷,2007,4.16,3.12,0.72,0,0.72,0.82,0,0.82,1.53,,,0.04,1.05,0.0,"1,523"
上市,2462,良得電,2007,1.21,1.85,1.2,0,1.2,0,0.4,0.4,1.6,,,0.04,3.6,0.08,0
上市,2463,研揚,2007,,,3.06,0,3.06,0.34,0,0.34,3.4,,,0.03,,0.12,"2,430"
上市,2464,盟立,2007,7.17,4.66,3.2,0,3.2,0.5,0,0.5,3.7,,,0.1,1.35,0.0,"5,166"
上市,2465,麗臺,2007,0.97,0.67,0,0,0,0.3,0,0.3,0.3,,,0.0,0.48,0.0,139
上市,2466,冠西電,2007,1.45,1.21,0.4,0,0.4,0.5,0.5,1,1.4,,,0.04,2.57,0.0,"1,237"
上市,2467,志聖,2007,2.52,1.89,1.22,0,1.22,0.31,0,0.31,1.53,,,0.07,2.74,0.17,415
上市,2468,華經,2007,1.7,2.33,1,0,1,0,0,0,1,,,0.0,0,0.06,0
上市,2471,資通,2007,-0.36,-0.73,0,0,0,0,0,0,0,,,0.0,0,0.0,0
上市,2472,立隆電,2007,0.25,0.17,0.14,0,0.14,0,0,0,0.14,,,0.01,3.57,0.01,0
上市,2473,思源,2007,,,2,0,2,0.05,0.05,0.1,2.1,,,0.16,,0.5,"3,000"
上市,2474,可成,2007,71.97,13.29,4,0,4,1,0,1,5,,,0.03,0.05,0.0,"3,965"
上市,2475,華映,2007,87.03,1.02,0.4,0,0.4,0,0,0,0.4,,,0.0,0,3.32,0
上市,2476,鉅祥,2007,6.47,3.14,1.3,0,1.3,0.7,0.5,1.2,2.5,,,0.0,0,0.0,"3,300"
上市,2477,美隆電,2007,6.47,2.51,1.32,0,1.32,0.2,0,0.2,1.52,,,0.12,1.8,0.0,"3,493"
上市,2478,大毅,2007,2.11,1.18,0.3,0,0.3,0.71,0,0.71,1.01,,,0.04,1.99,0.11,"1,958"
上櫃,2479,和立,2007,,,0,0,0,0,0,0,0,,,,,,
上市,2480,敦陽科,2007,3.23,1.46,1.2,0,1.2,0,0,0,1.2,,,0.03,1.05,0.6,0
上市,2481,強茂,2007,3.92,1.6,0.2,0,0.2,1,0.3,1.3,1.5,,,0.07,1.73,0.0,"2,043"
上市,2482,連宇,2007,1.17,1.88,0.82,0,0.82,0.51,0,0.51,1.33,,,0.02,1.73,0.11,0
上市,2483,百容,2007,1.12,0.96,0.81,0,0.81,0,0,0,0.81,,,0.02,1.8,0.03,0
上市,2484,希華,2007,2.2,1.7,1,0,1,0,0,0,1,,,0.04,1.8,0.1,0
上市,2485,兆赫,2007,19.77,7.53,2.71,0,2.71,1.81,0,1.81,4.52,,,0.41,2.1,0.77,"7,475"
上市,2486,一詮,2007,5.59,3.46,1.75,0,1.75,0.5,0,0.5,2.25,,,0.13,2.24,0.31,"1,120"
上市,2488,漢平,2007,2.5,2.43,1.8,0,1.8,0,0,0,1.8,,,0.11,4.36,0.22,0
上市,2489,瑞軒,2007,17.94,3.61,0.78,0,0.78,1.81,0,1.81,2.59,,,0.33,1.83,0.72,"16,800"
上市,2491,吉祥全,2007,-2.03,-0.92,0,0,0,0,0,0,0,,,,,,
上市,2492,華新科,2007,12.66,2.15,0.41,0,0.41,1.2,0,1.2,1.61,,,0.2,1.62,0.51,0
上市,2493,揚博,2007,1.28,1.05,0.7,0,0.7,0.3,0,0.3,1,,,0.04,3.08,0.0,"1,050"
上市,2494,廣業科,2007,,,0,0,0,0,0,0,0,,,,,,
上市,2495,普安,2007,15.66,6.1,3.51,0,3.51,0.8,0,0.8,4.31,,,0.07,0.45,0.15,"2,800"
上市,2496,卓越,2007,-1.95,-3.21,0,0,0,0,0,0,0,,,0.0,0,0.0,0
上市,2497,怡利電,2007,0.94,0.98,0.1,0,0.1,0.5,0,0.5,0.6,,,0.02,2.01,0.0,318
上市,2498,宏達電,2007,289.39,50.48,34,0,34,3,0,3,37,,,0.0,0,12.1,"10,320"
上市,2499,東貝,2007,0.86,0.39,0.15,0,0.15,0.15,0.2,0.35,0.5,,,0.02,2.73,0.02,548
上市,2501,國建,2007,8.91,0.54,0.5,0,0.5,0,0,0,0.5,,,0.05,0.5,0.0,0
上市,2504,國產,2007,11.78,0.97,0.1,0,0.1,0.5,0,0.5,0.6,,,0.23,1.98,0.23,0
上市,2505,國揚,2007,5.67,1.28,0.3,0,0.3,0,0,0,0.3,,,0.09,1.52,0.22,0
上市,2506,太設,2007,1.52,0.25,0,0,0,0,0,0,0,,,0.0,0,0.0,0
上市,2509,全坤建,2007,4.48,3.52,2.03,0,2.03,0,0,0,2.03,,,0.19,4.27,0.2,0
上市,2511,太子,2007,3.95,0.44,0.3,0,0.3,0.3,0,0.3,0.6,,,0.11,2.7,0.07,0
上市,2514,龍邦,2007,4.85,0.99,0.5,0,0.5,0,0.51,0.51,1.01,,,,,,
上市,2515,中工,2007,5.6,0.37,0.22,0,0.22,0,0,0,0.22,,,0.07,1.26,0.11,0
上市,2516,新建,2007,0.54,0.26,0,0,0,0,0,0,0,,,0.0,0,0.0,0
上市,2520,冠德,2007,3.21,0.66,0.5,0,0.5,0,0,0,0.5,,,0.08,2.41,0.05,0
上市,2524,京城,2007,6.98,2.4,0,0,0,1.02,0,1.02,1.02,,,0.0,0,0.0,570
上市,2526,大陸,2007,,,1.2,0,1.2,0,0,0,1.2,,,0.05,,0.05,0
上市,2527,宏璟,2007,0.63,0.24,0.35,0,0.35,0,0,0,0.35,,,0.01,1.8,0.03,0
上市,2528,皇普,2007,-0.29,-0.18,0,0,0,0,0,0,0,,,0.0,0,0.0,0
上市,2530,華建,2007,0.81,0.26,0,0,0,0,0,0,0,,,0.0,0,0.0,0
上市,2534,宏盛,2007,27.71,4.98,4,0,4,0,0,0,4,,,0.11,0.41,0.11,0
上市,2535,達欣工,2007,3.86,1.72,1.2,0,1.2,0,0,0,1.2,,,0.05,1.3,0.05,0
上市,2536,宏普,2007,12.34,4.31,2.7,0,2.7,0.1,0,0.1,2.8,,,0.03,0.24,0.1,800
上市,2537,聯上發,2007,-0.33,-0.63,0,0,0,0,0,0,0,,,0.0,0,0.0,0
上市,2538,基泰,2007,6.25,2,0.61,0,0.61,0.05,0.76,0.81,1.42,,,0.18,2.95,0.0,"1,844"
上市,2539,櫻花建,2007,-0.51,-2.3,0,0,0,0,0,0,0,,,0.0,0,0.0,0
上市,2540,愛山林,2007,0.14,1.93,0,0,0,0,0,0,0,,,0.0,0,0.0,0
上市,2542,興富發,2007,22.1,4.06,3.01,0,3.01,0.43,0.07,0.5,3.51,,,0.17,0.78,0.0,"6,900"
上市,2543,皇昌,2007,1.13,0.67,0,0,0,0.55,0,0.55,0.55,,,0.03,2.7,0.03,0
上市,2545,皇翔,2007,14.64,6.68,1,0,1,3,0,3,4,,,0.16,1.12,0.18,0
上市,2546,根基,2007,0.78,1.18,0.5,0,0.5,0,0,0,0.5,,,0.01,1.34,0.01,0
上市,2547,日勝生,2007,8.59,2.1,0.5,0,0.5,1,0,1,1.5,,,0.07,0.87,0.0,"5,215"
上市,2548,華固,2007,21.28,10.56,5.5,0,5.5,1.1,0.4,1.5,7,,,0.29,1.35,0.6,"1,200"
上櫃,2596,綠意,2007,1.19,2.76,0.5,0,0.5,1.5,0,1.5,2,,,0.01,0.9,0.01,0
上市,2597,潤弘,2007,1.83,1.52,1.35,0,1.35,0,0,0,1.35,,,0.0,0,0.02,0
興櫃,2599,樂揚,2007,,,0.8,0,0.8,0,0,0,0.8,,,0.04,,0.03,0
上市,2601,益航,2007,7.95,3.25,1.02,0,1.02,0,0,0,1.02,,,0.0,0,0.03,0
上市,2603,長榮,2007,103.82,3.53,1.7,0,1.7,0,0,0,1.7,,,0.46,0.44,0.36,0
上市,2605,新興,2007,33.08,6.84,3.5,0,3.5,1.75,0,1.75,5.25,,,0.26,0.79,0.26,0
上市,2606,裕民,2007,90.52,10.55,8.5,0,8.5,0,0,0,8.5,,,0.74,0.82,0.74,0
上市,2607,榮運,2007,8.99,0.84,0.7,0,0.7,0,0,0,0.7,,,0.04,0.46,0.15,0
上市,2608,大榮,2007,-3.61,-0.76,0,0,0,0,0,0,0,,,0.0,0,0.0,0
上市,2609,陽明,2007,60.2,2.6,1,0,1,1,0,1,2,,,0.0,0,1.03,0
上市,2610,華航,2007,-25.19,-0.63,0,0,0,0,0,0,0,,,0.0,0,0.0,0
上市,2611,志信,2007,1.05,0.64,0.5,0,0.5,0.2,0.3,0.5,1,,,0.01,0.77,0.01,0
上市,2612,中航,2007,23.12,9.01,6,0,6,0,0,0,6,,,0.21,0.91,0.42,0
上市,2613,中櫃,2007,1.56,1.75,0,0,0,0,0,0,0,,,0.0,0,0.0,0
上市,2614,東森,2007,15.64,1.28,0.59,0,0.59,1.47,0.35,1.82,2.41,,,0.0,0,0.53,0
上市,2615,萬海,2007,62.83,3.05,2.2,0,2.2,0.5,0,0.5,2.7,,,0.57,0.91,0.57,0
上市,2616,山隆,2007,1.71,1.84,0.84,0,0.84,0,0,0,0.84,,,0.0,0,0.09,0
上市,2617,台航,2007,15.41,3.7,3,0,3,0,0,0,3,,,0.19,1.26,0.19,0
上市,2618,長榮航,2007,-18.72,-0.48,0,0,0,0,0,0,0,,,0.0,0,0.0,0
興櫃,2626,凌天,2007,,,0,0,0,0,0,0,0,,,0.0,,0.0,0
上市,2633,台灣高鐵,2007,-293.99,-6.1,0,0,0,0,0,0,0,,,0.0,0,0.0,0
上市,2636,台驊投控,2007,0.73,1.82,1,0,1,0.2,0,0.2,1.2,,,0.02,2.7,0.03,0
上市,2701,萬企,2007,1.58,0.55,0.13,0,0.13,0.35,0,0.35,0.48,,,,,,
上市,2702,華園,2007,0.39,0.62,0,0,0,0.35,0.25,0.6,0.6,,,0.0,0,0.0,0
上市,2704,國賓,2007,3.38,0.94,0.68,0,0.68,0,0,0,0.68,,,0.12,3.6,0.24,0
上市,2705,六福,2007,-1.98,-0.68,0,0,0,0,0,0,0,,,0.0,0,0.0,0
上市,2706,第一店,2007,3.06,1.31,0.14,0,0.14,1,0,1,1.14,,,0.06,1.8,0.03,0
上市,2707,晶華,2007,8.63,14.39,14.63,0,14.63,0,1,1,15.63,,,0.04,0.5,0.09,0
上櫃,2718,晶悅,2007,0.32,1.62,1.36,0,1.36,0,0,0,1.36,,,0.01,4.5,0.0,0
上櫃,2719,燦星旅,2007,0.26,1.89,0,0,0,0,0,0,0,,,0.0,0,0.0,0
上市,2801,彰銀,2007,84.83,1.63,0.9,0,0.9,0,0,0,0.9,,,0.53,0.62,3.7,0
上市,2809,京城銀,2007,3.48,0.32,0,0,0,0,0,0,0,,,0.0,0,0.0,0
上市,2812,台中銀,2007,17.77,1.5,0.4,0,0.4,0.52,0,0.52,0.92,,,0.15,0.86,0.15,0
上市,2816,旺旺保,2007,-9.99,-9.82,0,0,0,0,0,0,0,,,0.0,0,0.0,0
上市,2820,華票,2007,9.85,0.59,0,0,0,0,0,0,0,,,,,,
上市,2823,中壽,2007,16.15,1.48,0,0,0,0.7,0,0.7,0.7,,,0.0,0,0.0,0
上市,2832,台產,2007,9.85,3.16,2.68,0,2.68,0,0,0,2.68,,,0.14,1.41,0.21,0
公開發行,2833,台壽保,2007,12.47,2.43,1.5,0,1.5,0.5,0,0.5,2,,,0.17,1.39,0.26,0
上市,2834,臺企銀,2007,10.48,0.27,0,0,0,0,0,0,0,,,0.0,0,0.0,0
上市,2836,高雄銀,2007,1.42,0.28,0.1,0,0.1,0.4,0,0.4,0.5,,,0.06,3.94,0.0,"2,237"
公開發行,2837,凱基銀行,2007,-94.54,-6.58,0,0,0,0,0,0,0,,,0.0,0,0.0,0
上市,2838,聯邦銀,2007,-49.42,-2.65,0,0,0,0,0,0,0,,,0.0,0,0.0,0
上市,2841,台開,2007,8.29,2.76,0,0,0,0,0,0,0,,,0.0,0,0.0,0
上市,2845,遠東銀,2007,-7.8,-0.42,0,0,0,0,0,0,0,,,0.0,0,0.0,0
公開發行,2847,大眾銀,2007,-80.21,-3.9,0,0,0,0,0,0,0,,,0.0,0,0.0,0
上市,2849,安泰銀,2007,-167.79,-7.61,0,0,0,0,0,0,0,,,,,,
上市,2850,新產,2007,4.83,1.6,1,0,1,0.41,0.09,0.5,1.5,,,0.13,2.63,0.0,0
上市,2851,中再保,2007,12.59,2.4,1,0,1,0.5,0,0.5,1.5,,,0.01,0.09,0.11,0
上市,2852,第一保,2007,3.3,1.17,0.35,0,0.35,0.65,0,0.65,1,,,0.03,0.95,0.09,0
上市,2854,寶來證,2007,,,0.44,0,0.44,0.4,0,0.4,0.84,,,1.01,,0.0,"20,129"
上市,2855,統一證,2007,24.06,2.05,1,0,1,0.33,0,0.33,1.33,,,0.49,2.05,0.33,0
上市,2856,元富證,2007,4.9,0.35,0.23,0,0.23,0,0,0,0.23,,,0.15,3,0.15,0
上市,2880,華南金,2007,91.99,1.54,1,0,1,0.2,0,0.2,1.2,,,0.83,0.9,0.13,0
上市,2881,富邦金,2007,144.32,1.87,1.5,0,1.5,0,0,0,1.5,,,0.13,0.09,0.03,0
上市,2882,國泰金,2007,307.48,3.34,2.5,0,2.5,0.5,0,0.5,3,,,0.05,0.02,0.03,0
上市,2883,開發金,2007,76.12,0.66,0.2,0,0.2,0.25,0,0.25,0.45,,,0.4,0.53,0.65,0
上市,2884,玉山金,2007,32.94,1,0.4,0,0.4,0.4,0,0.4,0.8,,,0.28,0.84,0.03,"7,968"
上市,2885,元大金,2007,60.37,0.89,0.65,0,0.65,0,0,0,0.65,,,0.53,0.88,0.16,0
上市,2886,兆豐金,2007,170.7,1.55,1.25,0,1.25,0,0,0,1.25,,,1.39,0.81,0.21,0
上市,2887,台新金,2007,45.52,0.55,0.18,0,0.18,0,0,0,0.18,,,0.22,0.49,0.07,0
上市,2887C,新丙特,2007,,,2.37,0,2.37,0,0,0,2.37,,,0.0,,0.0,0
上市,2888,新光金,2007,50.08,1.02,0.5,0,0.5,0.5,0,0.5,1,,,0.26,0.52,0.01,0
上市,2889,國票金,2007,16.36,0.76,0.2,0,0.2,0.15,0,0.15,0.36,,,0.05,0.28,0.02,0
上市,2890,永豐金,2007,24.99,0.36,0.13,0,0.13,0,0,0,0.13,,,0.32,1.26,0.09,0
上市,2891,中信金,2007,133.39,1.49,0.2,0,0.2,0.4,0.4,0.8,1,,,0.54,0.4,0.0,"16,197"
上市,2891A,中信特,2007,,,1.53,0,1.53,0,0,0,1.53,,,0.0,,0.0,0
上市,2892,第一金,2007,125.5,2.06,1.7,0,1.7,0.12,0,0.12,1.82,,,1.13,0.9,0.07,0
上市,2897,王道銀行,2007,20.15,0.84,0.55,0,0.55,0,0,0,0.55,,,0.56,2.8,0.39,0
上市,2901,欣欣,2007,0.12,0.17,0.17,0,0.17,0,0,0,0.17,,,0.01,5.74,0.01,0
上市,2903,遠百,2007,16.07,1.47,1.3,0,1.3,0.5,0,0.5,1.8,,,0.43,2.7,0.58,0
上市,2904,匯僑,2007,0.5,0.73,0.06,0,0.06,0.15,0,0.15,0.21,,,0.0,0.74,0.01,0
上市,2905,三商,2007,5.17,1.05,0.2,0,0.2,0.5,0,0.5,0.7,,,0.05,0.9,0.05,0
上市,2906,高林,2007,2.18,0.69,0.74,0,0.74,0,0,0,0.74,,,0.09,3.99,0.09,0
上市,2908,特力,2007,5.77,1.32,1,0,1,0.1,0,0.1,1.1,,,0.1,1.8,0.0,"4,153"
上市,2910,統領,2007,2.66,1.52,1.2,0,1.2,0,0,0,1.2,,,0.08,2.94,0.03,0
上市,2911,麗嬰房,2007,1.58,1.06,0.2,0,0.2,0.6,0,0.6,0.8,,,0.03,1.66,0.11,0
上市,2912,統一超,2007,36.22,3.96,3.2,0,3.2,0,0,0,3.2,,,0.33,0.9,2.61,0
上市,2913,農林,2007,0.72,0.1,0,0,0,0,0,0,0,,,0.0,0,0.0,0
上市,2915,潤泰全,2007,10.31,1.5,1.01,0,1.01,0,0,0,1.01,,,0.0,0,0.07,0
上櫃,2916,滿心,2007,0.73,1.72,1.2,0,1.2,0,0,0,1.2,,,0.01,1.8,0.02,0
公開發行,2920,海景,2007,-1.41,-1.2,0,0,0,0,0,0,0,,,0.0,0,0.0,0
上櫃,2921,和樂,2007,,,1.8,0,1.8,0.2,0.2,0.4,2.2,,,0.02,,0.0,654
上市,3002,歐格,2007,1.96,2.04,1.3,0,1.3,0.5,0,0.5,1.8,,,0.06,3.16,0.02,570
上市,3003,健和興,2007,2.24,1.98,1.46,0,1.46,0,0,0,1.46,,,0.03,1.35,0.08,0
上市,3004,豐達科,2007,-1.34,-0.81,0,0,0,0,0,0,0,,,,,,
上市,3005,神基,2007,12.49,3.33,1.41,0,1.41,0,0,0,1.41,,,0.02,0.16,1.01,0
上市,3006,晶豪科,2007,7.74,3.4,2.2,0,2.2,0.3,0,0.3,2.5,,,0.07,0.89,0.88,"4,821"
上市,3008,大立光,2007,25.7,20.44,9.8,0,9.8,0.2,0,0.2,10,,,0.23,0.9,1.2,"1,900"
上市,3009,奇美電,2007,,,1.5,0,1.5,0.5,0,0.5,2,,,0.03,,14.71,"179,784"
上市,3010,華立,2007,14.52,6.66,3.5,0,3.5,0.3,0,0.3,3.8,,,0.23,1.6,1.05,"4,000"
上市,3011,今皓,2007,0.04,0.03,0,0,0,0,0,0,0,,,0.0,0,0.0,0
上市,3013,晟銘電,2007,1.31,0.77,0.26,0,0.26,0.26,0.21,0.47,0.73,,,0.02,1.23,0.0,"1,000"
上市,3014,聯陽,2007,5.42,4.82,2.99,0,2.99,0.3,0,0.3,3.29,,,0.05,0.9,0.25,"2,500"
上市,3015,全漢,2007,7.46,4.15,2,0,2,1,0,1,3,,,0.07,0.89,0.44,"2,214"
上市,3016,嘉晶,2007,0.66,0.89,0.59,0,0.59,0.2,0,0.2,0.78,,,0.02,2.68,0.03,300
上市,3017,奇鋐,2007,5.53,2.2,0.9,0,0.9,0.1,0,0.1,1,,,0.1,1.8,0.0,"5,500"
上市,3018,同開,2007,0.01,0,0,0,0,0,0,0,0,,,0.0,0,0.0,0
上市,3019,亞光,2007,21.61,8.56,4,0,4,0.1,0,0.1,4.1,,,0.32,1.48,0.1,"4,862"
上市,3021,鴻名,2007,0.02,0.04,0,0,0,0,0,0,0,,,0.0,0,0.0,0
上市,3022,威強電,2007,6.88,3.9,2.53,0,2.53,0.51,0,0.51,3.03,,,0.03,0.37,0.12,"3,713"
上市,3023,信邦,2007,6.28,3.56,1.01,0,1.01,0.5,0,0.5,1.51,,,0.09,1.48,0.47,0
上市,3024,憶聲,2007,1.55,0.43,0.2,0,0.2,0,0.5,0.5,0.7,,,0.04,2.38,0.05,0
上市,3025,星通,2007,0.55,0.7,0.61,0,0.61,0,0,0,0.61,,,0.01,2.03,0.06,0
上市,3026,禾伸堂,2007,11.89,4.45,2.98,0,2.98,0.1,0,0.1,3.08,,,0.27,2.27,0.38,"5,650"
上市,3027,盛達,2007,2.46,2.59,2.06,0,2.06,0,0,0,2.06,,,0.07,2.69,0.19,0
上市,3028,增你強,2007,4.35,2.07,1.6,0,1.6,0,0,0,1.6,,,0.1,2.3,0.4,0
上市,3029,零壹,2007,0.23,0.26,0.6,0,0.6,0,0,0,0.6,,,0.01,2.23,0.02,0
上市,3030,德律,2007,7.74,5.03,1.2,0,1.2,1.8,0,1.8,3,,,0.05,0.69,0.25,"3,820"
上市,3031,佰鴻,2007,5.57,3.45,1.7,0,1.7,0.8,0,0.8,2.5,,,0.1,1.79,0.2,"2,000"
上市,3032,偉訓,2007,2.25,2.34,1.6,0,1.6,0.4,0,0.4,2,,,0.08,3.76,0.0,"1,057"
上市,3033,威健,2007,4.9,2.21,1.55,0,1.55,0,0.5,0.5,2.05,,,0.13,2.65,0.52,0
上市,3034,聯詠,2007,75.85,14.02,8.56,0,8.56,0.1,0,0.1,8.65,,,0.2,0.26,6.81,"10,800"
上市,3035,智原,2007,16.97,5.03,3.49,0,3.49,0.1,0,0.1,3.59,,,0.08,0.45,1.09,"8,937"
上市,3036,文曄,2007,8.53,4.73,1.99,0,1.99,0.5,0,0.5,2.49,,,0.08,0.94,0.0,"7,000"
上市,3037,欣興,2007,57.62,5.45,2.2,0,2.2,0.1,0,0.1,2.3,,,0.26,0.45,1.08,"25,157"
上市,3038,全台,2007,0.06,0.03,0,0,0,0,0,0,0,,,0.0,0,0.0,0
上市,3040,遠見,2007,2.29,1.9,1,0,1,0,0,0,1,,,0.0,0.22,0.01,0
上市,3041,揚智,2007,7.01,2.44,1.2,0,1.2,0.3,0,0.3,1.5,,,0.06,0.9,0.22,"4,103"
上市,3042,晶技,2007,11.4,4.88,1.98,0,1.98,0.99,0,0.99,2.98,,,0.16,1.43,0.41,"4,068"
上市,3043,科風,2007,2.74,1.61,0.6,0,0.6,0.6,0,0.6,1.2,,,0.0,0,0.0,"1,800"
上市,3044,健鼎,2007,40.03,9.31,2.4,0,2.4,0.1,0.5,0.6,3,,,0.37,0.92,1.44,"7,204"
上市,3045,台灣大,2007,66.13,1.68,2.54,0,2.54,0,0,0,2.54,,,0.18,0.27,1.81,0
上市,3046,建碁,2007,1.65,1.03,0,0,0,0,0,0,0,,,0.0,0,0.0,0
上市,3047,訊舟,2007,2.41,3.07,0.5,0,0.5,1.84,0.15,1.99,2.49,,,0.09,3.6,0.0,"2,171"
上市,3048,益登,2007,3.26,2.03,1.4,0,1.4,0,0,0,1.4,,,0.08,2.44,0.32,0
上市,3049,和鑫,2007,-27.6,-3.02,0,0,0,0,0,0,0,,,0.0,0,0.0,0
上市,3050,鈺德,2007,1.15,0.52,0.26,0,0.26,0,0,0,0.26,,,0.03,2.47,0.07,0
上市,3051,力特,2007,-21.14,-4.17,0,0,0,0,0,0,0,,,0.0,0,0.0,0
上市,3052,夆典,2007,0.87,0.59,0,0,0,0,0,0,0,,,,,,
上櫃,3053,鼎營,2007,,,0,0,0,0,0,0,0,,,,,,
上市,3054,立萬利,2007,0.0,0,0,0,0,0,0,0,0,,,,,,
上市,3055,蔚華科,2007,7.81,4.05,2.39,0,2.39,0.4,0,0.4,2.79,,,0.15,1.92,0.18,"6,676"
上市,3056,總太,2007,-1.06,-3.05,0,0,0,0,0,0,0,,,0.0,0,0.0,0
上市,3057,喬鼎,2007,0.59,0.44,0,0,0,0.13,0,0.13,0.13,,,0.01,0.93,0.0,328
上市,3058,立德,2007,0.84,0.86,0.65,0,0.65,0.05,0.31,0.36,1,,,0.02,1.84,0.0,231
上市,3059,華晶科,2007,17.38,5.87,2.49,0,2.49,1,0,1,3.49,,,0.32,1.82,0.52,"10,590"
上市,3060,銘異,2007,4.92,4.2,3.1,0,3.1,0.5,0,0.5,3.6,,,0.04,0.9,0.11,"1,100"
公開發行,3061,璨圓,2007,1.34,0.71,0.35,0,0.35,0.17,0,0.17,0.52,,,0.04,2.69,0.0,"1,440"
上市,3062,建漢,2007,7.16,2.32,1,0,1,0.3,0,0.3,1.3,,,0.02,0.25,0.04,"5,026"
上市,3063,飛信,2007,,,0,0,0,0,0,0,0,,,0.0,,0.0,0
上櫃,3064,泰偉,2007,0.6,1.07,0.16,0,0.16,0.61,0,0.61,0.77,,,0.01,0.9,0.04,170
上櫃,3066,李洲,2007,-1.28,-0.94,0,0,0,0,0,0,0,,,,,,
上櫃,3067,全域,2007,0.52,1.79,1.55,0,1.55,0,0,0,1.55,,,0.0,0.9,0.01,0
上櫃,3068,美磊,2007,1.98,3.04,1.91,0,1.91,0.21,0,0.21,2.12,,,0.08,4.04,0.07,"1,000"
公開發行,3069,台金礦,2007,-0.11,-0.42,0,0,0,0,0,0,0,,,0.0,0,0.0,0
上櫃,3071,協禧,2007,-5.07,-5.11,0,0,0,0,0,0,0,,,,,,
上櫃,3073,凱柏實業,2007,0.72,2.44,1,0,1,1,0,1,2,,,0.01,1,0.02,600
公開發行,3074,群環,2007,1.36,1.49,0.6,0,0.6,0.65,0,0.65,1.25,,,0.02,1.47,0.04,405
公開發行,3075,億泰利,2007,-0.13,-0.82,0,0,0,0,0,0,0,,,0.0,0,0.0,0
上櫃,3078,僑威,2007,2.85,1.9,0.2,0,0.2,1.35,0,1.35,1.55,,,0.08,2.7,0.0,"1,596"
上櫃,3079,宏億,2007,,,0,0,0,0,0,0,0,,,,,,
上市,3080,威力盟,2007,8.16,5.09,3,0,3,0.5,0,0.5,3.5,,,0.16,1.91,0.55,"1,834"
上櫃,3083,網龍,2007,5.83,7.63,5.25,0,5.25,0.5,0,0.5,5.75,,,0.06,1.08,0.53,0
上櫃,3085,新零售,2007,0.67,1.66,1,0,1,0.35,0.15,0.5,1.5,,,0.03,4.56,0.0,609
上櫃,3086,華義,2007,-1.79,-3.48,0,0,0,0,0,0,0,,,0.0,0,0.0,0
公開發行,3087,翔準,2007,1.71,0.6,0.1,0,0.1,0,0,0,0.1,,,0.0,0,0.0,0
上櫃,3088,艾訊,2007,2.95,4.12,3.08,0,3.08,0.2,0,0.2,3.28,,,0.05,1.8,0.09,"1,600"
上櫃,3089,遠昇,2007,-0.1,-0.18,0,0,0,0,0,0,0,,,0.0,0,0.0,0
上市,3090,日電貿,2007,2.75,3.99,2.88,0,2.88,0.72,0,0.72,3.6,,,0.05,1.95,0.05,"1,606"
上櫃,3092,鴻碩,2007,1.21,3.26,1,0,1,1,0,1,2,,,0.02,1.54,0.03,0
上櫃,3093,港建,2007,1.62,4.68,3.5,0,3.5,0,0,0,3.5,,,0.01,0.76,0.01,0
上市,3094,聯傑,2007,1.6,2.19,1.36,0,1.36,0.1,0.1,0.2,1.56,,,0.01,0.89,0.2,680
上櫃,3095,及成,2007,2.54,1.77,1,0,1,1,0,1,2,,,0.06,2.16,0.11,"1,200"
興櫃,3097,拍檔,2007,-0.47,-0.79,0,0,0,0,0,0,0,,,0.0,0,0.0,0
公開發行,3099,頂倫,2007,-0.99,-0.42,0,0,0,0,0,0,0,,,0.0,0,0.0,0
上櫃,3114,好德,2007,0.91,2,1.9,0,1.9,0.1,0,0.1,2,,,0.03,3.17,0.02,607
上櫃,3115,寶島極,2007,-0.03,-0.16,0,0,0,0,0,0,0,,,0.0,0,0.0,0
上櫃,3118,進階,2007,0.4,1.47,1,0,1,0,0,0,1,,,0.01,2.7,0.02,0
上櫃,3122,笙泉,2007,0.92,3.24,1.48,0,1.48,1,0,1,2.48,,,0.05,5.02,0.0,
公開發行,3126,信億,2007,-0.34,-0.98,0,0,0,0,0,0,0,,,0.0,0,0.0,0
公開發行,3127,能元,2007,0.02,0.04,0,0,0,0,0,0,0,,,0.0,0,0.0,0
上櫃,3128,昇銳,2007,1.18,3.02,2.5,0,2.5,0,0,0,2.5,,,0.02,2.02,0.12,0
上市,3130,一零四,2007,2.45,7.27,5.67,0,5.67,0,0,0,5.67,,,0.04,1.81,0.27,0
興櫃,3138,耀登,2007,0.16,0.53,0,0,0,0,0,0,0,,,0.0,0,0.0,0
上櫃,3141,晶宏,2007,-1.69,-2.17,0,0,0,0,0,0,0,,,0.0,0,0.0,0
上櫃,3142,遠茂,2007,,,0,0,0,0,0,0,0,,,,,,
上櫃,3144,新揚科,2007,-3.98,-5.07,0,0,0,0,0,0,0,,,0.0,0,0.0,0
上市,3149,正達,2007,1.11,1.52,0.13,0,0.13,0.13,0.33,0.46,0.6,,,0.0,0.07,0.03,255
上櫃,3152,璟德,2007,3.34,6.15,4,0,4,0.16,0,0.16,4.16,,,0.06,1.84,0.41,420
公開發行,3161,幸亞,2007,0.62,1.43,0.8,0,0.8,0,0,0,0.8,,,0.0,0.63,0.04,0
上櫃,3162,精確,2007,0.38,1.1,0,0,0,0.89,0.14,1.03,1.03,,,0.01,2.7,0.0,69
上市,3164,景岳,2007,0.57,1.28,0.6,0,0.6,0,0,0,0.6,,,0.02,2.7,0.02,0
上市,3167,大量,2007,2.29,6.87,2.5,0,2.5,1.5,0,1.5,4,,,0.06,2.7,0.06,0
興櫃,3168,眾福科,2007,1.5,3,0.58,0,0.58,0.96,0,0.96,1.54,,,0.04,2.7,0.06,"1,416"
上櫃,3169,亞信,2007,0.82,1.94,1.4,0,1.4,0,0,0,1.4,,,0.04,4.84,0.01,"1,068"
上櫃,3171,新洲,2007,0.13,0.35,0.3,0,0.3,0,0,0,0.3,,,0.0,2.7,0.01,0
上櫃,3176,基亞,2007,1.87,3.02,0,0,0,0,0,0,0,,,0.0,0,0.0,0
興櫃,3178,公準,2007,0.72,2.01,0,0,0,0,0,0,0,,,0.0,0,0.0,0
公開發行,3186,聯笙,2007,-1.91,-1.38,0,0,0,0,0,0,0,,,0.0,0,0.0,
上櫃,3188,鑫龍騰,2007,0.88,1.99,1.02,0,1.02,0.51,0,0.51,1.53,,,0.02,2.64,0.03,521
上市,3189,景碩,2007,38.68,8.88,4,0,4,0.05,0,0.05,4.05,,,0.35,0.9,2.64,"8,423"
上櫃,3191,和進,2007,0.65,1.27,0,0,0,0.5,0,0.5,0.5,,,0.02,2.7,0.02,141
興櫃,3195,統寶,2007,,,0,0,0,0,0,0,0,,,0.0,,0.0,
上櫃,3202,樺晟,2007,1.26,2.07,0.7,0,0.7,0.5,0,0.5,1.2,,,0.01,0.9,0.07,466
上櫃,3205,佰研,2007,-0.91,-2.78,0,0,0,0,0,0,0,,,,,,
上櫃,3206,志豐,2007,0.48,1.32,0.71,0,0.71,0.3,0,0.3,1.01,,,0.01,2.5,0.0,212
上櫃,3207,耀勝,2007,0.28,0.81,0.1,0,0.1,0.4,0,0.4,0.5,,,0.01,2.12,0.0,158
上市,3209,全科,2007,1.2,2.16,0.8,0,0.8,0.8,0,0.8,1.6,,,0.05,4.02,0.08,805
上櫃,3211,順達,2007,9.69,9.98,5.91,0,5.91,0.99,0,0.99,6.9,,,0.17,1.8,0.35,"3,000"
上櫃,3213,茂訊,2007,3.48,9.24,6,0,6,1,0,1,7,,,0.09,2.69,0.3,521
上櫃,3217,優群,2007,1.22,2.34,0.81,0,0.81,0.41,0,0.41,1.22,,,0.03,2.46,0.0,880
上櫃,3218,大學光,2007,0.61,1.52,1,0,1,0,0,0,1,,,0.01,1.79,0.02,0
上櫃,3219,倚強,2007,1.04,2.78,0.5,0,0.5,0.5,0,0.5,1,,,0.01,1.32,0.01,546
上櫃,3221,台嘉碩,2007,1.78,2.8,1.66,0,1.66,0.55,0,0.55,2.21,,,0.03,1.52,0.02,"1,170"
上櫃,3224,三顧,2007,0.2,0.48,0.44,0,0.44,0,0.24,0.24,0.68,,,0.0,0,0.0,0
上櫃,3226,至寶電,2007,0.51,1.42,0.8,0,0.8,0.2,0,0.2,1,,,0.01,2.12,0.0,326
上櫃,3227,原相,2007,16.18,13.89,7.8,0,7.8,0.4,0,0.4,8.2,,,0.15,0.9,1.12,"2,700"
上櫃,3228,金麗科,2007,1.46,3.05,0.89,0,0.89,1.49,0,1.49,2.38,,,0.04,2.7,0.05,530
上市,3229,晟鈦,2007,0.33,0.68,0.1,0,0.1,0.3,0,0.3,0.4,,,0.0,1.41,0.0,332
上櫃,3230,錦明,2007,1.45,1.81,0.2,0,0.2,0.8,0,0.8,1,,,0.04,2.7,0.0,650
上市,3231,緯創,2007,66.05,4.8,2.65,0,2.65,0.49,0,0.49,3.15,,,0.59,0.9,1.78,"41,614"
上櫃,3232,昱捷,2007,0.1,0.31,0.1,0,0.1,0.1,0,0.1,0.2,,,0.0,2.11,0.0,13
上櫃,3234,光環,2007,1.87,2.88,0.9,0,0.9,0.1,0,0.1,1,,,0.05,2.66,0.06,"1,400"
上櫃,3236,千如,2007,0.56,1.31,0.88,0,0.88,0,0,0,0.88,,,0.03,4.44,0.08,0
興櫃,3237,永洋,2007,,,0,0,0,0,0,0,0,,,0.0,,0.0,0
上櫃,3252,海灣,2007,-7.62,-9.48,0,0,0,0,0,0,0,,,0.0,0,0.0,0
上櫃,3259,鑫創,2007,-0.13,-0.26,0,0,0,0,0,0,0,,,0.0,0,0.0,0
上櫃,3260,威剛,2007,0.55,0.34,0.03,0,0.03,0.25,0,0.25,0.28,,,0.0,0.9,0.0,297
上櫃,3264,欣銓,2007,10.0,2.62,1.61,0,1.61,0.14,0,0.14,1.75,,,0.27,2.7,0.54,"5,401"
上櫃,3265,台星科,2007,3.33,1.22,1,0,1,0,0,0,1,,,0.03,0.92,0.31,0
上市,3266,昇陽,2007,0.0,0,0,0,0,0,0,0,0,,,0.0,0,0.0,0
上櫃,3268,海德威,2007,0.33,1.19,0.3,0,0.3,0.46,0,0.46,0.76,,,0.0,1.35,0.0,207
上櫃,3272,東碩,2007,0.03,0.11,0,0,0,0,0,0,0,,,0.0,0,0.0,0
上櫃,3276,宇環,2007,1.41,2.08,0,0,0,0,0,0,0,,,0.0,0,0.0,0
上櫃,3284,太普高,2007,-0.51,-1.24,0,0,0,0,0,0,0,,,0.0,0,0.0,0
上櫃,3285,微端,2007,0.55,1.44,0.55,0,0.55,0.55,0,0.55,1.11,,,0.01,2.7,0.07,0
上櫃,3287,廣寰科,2007,0.37,1.07,0.38,0,0.38,0.38,0,0.38,0.76,,,0.01,1.54,0.02,150
上櫃,3288,點晶,2007,1.29,3.29,0.5,0,0.5,2,0,2,2.5,,,0.04,3.42,0.01,"1,060"
上櫃,3289,宜特,2007,2.36,4.73,2.99,0,2.99,0.5,0,0.5,3.49,,,0.06,2.62,0.03,"1,830"
上櫃,3290,東浦,2007,1.12,1.5,0,0,0,0,0,0,0,,,0.0,0,0.0,0
上櫃,3291,遠翔科,2007,0.64,2.52,1.06,0,1.06,0.8,0,0.8,1.86,,,0.01,1.22,0.1,"1,002"
上櫃,3293,鈊象,2007,9.58,17.53,10.45,0,10.45,0.5,0.5,1,11.44,,,0.14,1.46,0.8,381
上櫃,3294,英濟,2007,3.49,3.26,1.52,0,1.52,0.51,0,0.51,2.03,,,0.13,3.73,0.05,"1,500"
上市,3296,勝德,2007,4.87,4.71,3.5,0,3.5,0.5,0,0.5,4,,,0.06,1.23,0.21,"1,200"
上櫃,3297,杭特,2007,1.49,4.62,2.5,0,2.5,0.3,0,0.3,2.8,,,0.03,1.68,0.05,500
公開發行,3298,圓創,2007,,,1.85,0,1.85,0.5,0,0.5,2.35,,,0.01,,0.02,"1,371"
上櫃,3299,帛漢,2007,0.76,1.76,1.3,0,1.3,0,0,0,1.3,,,0.01,1.8,0.08,0
上櫃,3303,岱稜,2007,2.36,4.16,1.55,0,1.55,0.52,0,0.52,2.07,,,0.06,2.7,0.0,"1,698"
上市,3305,昇貿,2007,3.65,5.23,1.3,0,1.3,1.7,0,1.7,3,,,0.05,1.4,0.0,"1,520"
上櫃,3306,鼎天,2007,1.16,1.77,1,0,1,0.3,0,0.3,1.3,,,0.05,4.66,0.05,"1,076"
公開發行,3307,遠業,2007,0.93,2.35,1.5,0,1.5,0,0,0,1.5,,,0.03,2.7,0.06,0
上市,3308,聯德,2007,3.19,4.29,3,0,3,0.5,0,0.5,3.5,,,0.06,2.02,0.04,"1,500"
公開發行,3309,拓洋,2007,-0.45,-1.64,0,0,0,0,0,0,0,,,0.0,0,0.0,0
上櫃,3310,佳穎,2007,0.51,1.68,1.24,0,1.24,0,0,0,1.24,,,0.01,1.98,0.03,0
上市,3311,閎暉,2007,12.9,8.56,4.35,0,4.35,1.08,0,1.08,5.43,,,0.48,3.73,0.53,"4,368"
上市,3312,弘憶股,2007,0.65,1.14,0,0,0,0.8,0,0.8,0.8,,,0.01,0.93,0.0,430
上櫃,3313,斐成,2007,0.42,0.7,0,0,0,0,0,0,0,,,0.0,0,0.0,0
上市,3315,宣昶,2007,4.14,6.06,3.7,0,3.7,0.3,0,0.3,4,,,0.04,0.97,0.2,0
上櫃,3317,尼克森,2007,3.51,7.7,3,0,3,0.5,0.5,1,4,,,0.12,3.39,0.26,"1,400"
公開發行,3318,和光,2007,0.29,0.81,0,0,0,0,1,1,1,,,0.0,0,0.0,0
上櫃,3322,建舜電,2007,2.1,4.38,0.5,0,0.5,1.05,0.45,1.5,2,,,0.06,2.7,0.0,"1,889"
上櫃,3323,加百裕,2007,5.01,7.34,2.01,0,2.01,1.01,0,1.01,3.02,,,0.14,2.7,0.16,"2,960"
上櫃,3324,雙鴻,2007,-1.64,-3.82,0,0,0,0,0,0,0,,,0.0,0,0.0,0
上櫃,3325,旭品,2007,1.92,3.47,1.21,0,1.21,1.01,0,1.01,2.23,,,0.04,2.08,0.04,303
上櫃,3332,幸康,2007,2.46,5.8,4,0,4,0,0,0,4,,,0.05,2.03,0.02,0
興櫃,3334,主向位,2007,,,0.6,0,0.6,0,0,0,0.6,,,0.01,,0.04,0
上市,3338,泰碩,2007,0.49,0.99,0.5,0,0.5,0,0,0,0.5,,,0.02,3.17,0.05,0
上櫃,3339,泰谷,2007,-0.63,-0.78,0,0,0,0,0.51,0.51,0.51,,,0.0,0,0.0,0
公開發行,3342,飛虹科,2007,0.6,1.6,1,0,1,0,0,0,1,,,0.0,0.81,0.07,0
上櫃,3354,律勝,2007,0.2,0.27,0.25,0,0.25,0,0,0,0.25,,,0.0,0,0.01,0
上市,3356,奇偶,2007,6.82,14.17,11,0,11,0,0,0,11,,,0.0,0,0.86,0
上櫃,3360,尚立,2007,0.41,1.04,0.8,0,0.8,0,0,0,0.8,,,0.02,4.37,0.03,0
公開發行,3361,快特,2007,0.14,0.46,0,0,0,0,0,0,0,,,0.0,0,0.0,
上櫃,3362,先進光,2007,-0.71,-2.27,0,0,0,0,0,0,0,,,0.0,0,0.0,0
上櫃,3363,上詮,2007,0.31,0.59,0.5,0,0.5,0,0,0,0.5,,,0.02,4.99,0.03,0
上市,3367,英華達,2007,,,5.1,0,5.1,0.5,0.5,1,6.1,,,0.88,,1.63,"4,130"
公開發行,3369,鐵研,2007,-0.5,-0.75,0,0,0,0,0,0,0,,,,,,
上櫃,3372,典範,2007,4.83,1.95,1,0,1,0.25,0,0.25,1.25,,,0.15,3.17,0.0,"5,047"
上櫃,3373,熱映,2007,0.44,2.47,0,0,0,1.67,0,1.67,1.67,,,0.0,0.91,0.0,602
上櫃,3374,精材,2007,5.01,2.33,0.2,0,0.2,0.1,0,0.1,0.3,,,0.09,1.8,0.34,"3,383"
上市,3376,新日興,2007,12.15,10.89,4.47,0,4.47,0.99,0,0.99,5.47,,,0.1,0.82,0.12,814
上櫃,3379,彬台,2007,-0.1,-0.54,0,0,0,0,0,0,0,,,0.0,0,0.0,0
上市,3380,明泰,2007,12.94,3.26,2,0,2,0.3,0,0.3,2.3,,,0.23,1.8,0.0,"18,600"
上市,3383,新世紀,2007,3.03,4.84,0,0,0,3.6,0.7,4.3,4.3,,,0.05,1.8,0.03,"1,386"
上櫃,3388,崇越電,2007,4.83,10.4,3,0,3,2,0,2,5,,,0.11,2.29,0.31,0
上櫃,3389,志遠,2007,,,0.3,0,0.3,1.4,0,1.4,1.7,,,0.01,,0.02,"1,575"
上櫃,3390,旭軟,2007,0.58,1.55,0.3,0,0.3,1,0,1,1.3,,,,,,
公開發行,3394,龍泰,2007,0.29,1.07,0.8,0,0.8,0,0,0,0.8,,,0.01,2.7,0.04,0
興櫃,3396,普樺,2007,0.78,2.37,1,0,1,0.5,0,0.5,1.5,,,0.01,1.54,0.04,501
上櫃,3402,漢科,2007,2.11,5.1,3.14,0,3.14,1,0,1,4.14,,,0.04,1.81,0.03,"1,220"
上市,3406,玉晶光,2007,-3.54,-4.6,0,0,0,0,0,0,0,,,0.0,0,0.0,0
公開發行,3411,宜揚,2007,2.0,3.07,0,0,0,0,0,0,0,,,0.0,0,0.0,0
上市,3413,京鼎,2007,0.86,0.83,0,0,0,0,0,0,0,,,0.0,0,0.0,0
公開發行,3414,榮眾,2007,0.86,2.86,2.2,0,2.2,0,0,0,2.2,,,0.02,2.47,0.03,0
上市,3416,融程電,2007,1.86,6.91,3,0,3,2.26,0,2.26,5.26,,,0.03,1.8,0.0,839
上市,3419,譁裕,2007,1.48,2.1,0.5,0,0.5,1,0,1,1.5,,,0.04,2.7,0.07,"1,336"
興櫃,3422,億泰興,2007,-0.22,-1.03,0,0,0,0,0,0,0,,,0.0,0,0.0,0
公開發行,3423,聚興,2007,0.27,1.1,1,0,1,0,0,0,1,,,0.0,1.02,0.03,0
興櫃,3429,彥陽,2007,0.58,2.03,0.88,0,0.88,0.5,0,0.5,1.38,,,0.02,3.46,0.04,0
上櫃,3431,長天,2007,0.22,0.51,0.04,0,0.04,0.34,0.62,0.96,1,,,0.01,2.7,0.01,216
上市,3432,台端,2007,1.4,3.07,0.3,0,0.3,0.3,0,0.3,0.6,,,0.01,0.9,0.04,377
上櫃,3434,哲固,2007,0.59,2.37,0.8,0,0.8,0.55,0,0.55,1.35,,,0.01,2.36,0.03,2
公開發行,3435,德之傑,2007,-0.31,-0.53,0,0,0,0,0,0,0,,,0.0,0,0.0,0
上櫃,3438,類比科,2007,3.32,8.75,6.41,0,6.41,0.35,0,0.35,6.76,,,0.06,1.8,0.39,583
上櫃,3441,聯一光,2007,0.24,1.03,0.5,0,0.5,0.5,0.5,1,1.5,,,0.01,4.5,0.0,131
上市,3443,創意,2007,7.33,6.41,3.29,0,3.29,0.55,0,0.55,3.83,,,0.11,1.53,0.53,"1,326"
上櫃,3444,利機,2007,0.98,4.2,2.2,0,2.2,0.5,0,0.5,2.7,,,0.02,2.52,0.03,0
上市,3450,聯鈞,2007,2.05,1.9,1.06,0,1.06,0.3,0,0.3,1.36,,,0.05,2.53,0.04,"1,650"
上櫃,3452,益通,2007,7.66,12.64,2.94,0,2.94,4.91,0,4.91,7.85,,,0.08,1.05,0.36,"1,205"
上市,3454,晶睿,2007,1.88,3.6,2.44,0,2.44,0.1,0.25,0.36,2.8,,,0.03,1.64,0.09,925
上櫃,3455,由田,2007,1.46,3.3,1.9,0,1.9,0.1,0,0.1,2,,,0.04,2.71,0.09,451
上櫃,3465,祥業,2007,0.17,0.98,0.1,0,0.1,0.65,0,0.65,0.75,,,0.0,1.8,0.0,80
上櫃,3466,致振,2007,2.75,4.66,3,0,3,0.5,0,0.5,3.5,,,0.04,1.45,0.0,450
公開發行,3472,友荃,2007,-0.09,-0.27,0,0,0,0,1,1,1,,,0.0,-2.94,0.0,0
公開發行,3474,華亞科,2007,9.27,0.28,0,0,0,0,0,0,0,,,0.0,0,0.0,0
上櫃,3479,安勤,2007,1.4,4.85,2.5,0,2.5,0.55,0,0.55,3.05,,,0.02,1.35,0.05,"2,000"
上市,3481,群創,2007,161.47,6.51,1.5,0,1.5,1,0,1,2.5,,,0.07,0.04,5.13,"65,000"
上櫃,3483,力致,2007,3.29,10.41,4.49,0,4.49,1.5,0,1.5,5.98,,,0.06,1.8,0.04,"1,050"
上櫃,3484,崧騰,2007,1.15,3.92,1.5,0,1.5,1,0,1,2.5,,,0.04,3.6,0.0,"1,036"
上櫃,3489,森寶,2007,1.65,5.08,2.5,0,2.5,1,0,1,3.5,,,0.02,1.21,0.07,500
上櫃,3490,單井,2007,1.03,4.08,2,0,2,1,0,1,3,,,0.03,2.7,0.08,0
上櫃,3491,昇達科,2007,1.06,5.35,0.5,0,0.5,3,0,3,3.5,,,0.03,2.7,0.04,990
上櫃,3492,長盛,2007,0.69,2.22,0.47,0,0.47,1,0.28,1.28,1.75,,,0.01,1.73,0.0,"1,500"
上市,3494,誠研,2007,1.2,1.32,0.85,0,0.85,0.1,0,0.1,0.95,,,,,,
公開發行,3496,大朋電,2007,0.01,0.02,0,0,0,0,0,0,0,,,0.0,2.67,0.0,0
上櫃,3498,陽程,2007,3.61,7.75,3,0,3,0.5,0,0.5,3.5,,,0.06,1.62,0.06,945
上櫃,3499,環天科,2007,0.62,1.43,0.4,0,0.4,0.8,0,0.8,1.2,,,0.02,2.94,0.02,408
上市,3501,維熹,2007,3.9,4.61,2,0,2,0.5,0,0.5,2.5,,,0.0,0.07,0.06,"2,500"
公開發行,3503,東又悅,2007,2.03,4.68,1.5,0,1.5,0.5,0,0.5,2,,,0.05,2.29,0.01,0
上市,3504,揚明光,2007,3.36,3.37,2.6,0,2.6,0.3,0,0.3,2.9,,,0.0,0,0.13,"3,828"
公開發行,3505,聯合線上,2007,0.36,2.17,0.5,0,0.5,0.5,0,0.5,1,,,0.0,0,0.01,0
公開發行,3507,力群,2007,0.4,1.26,0.85,0,0.85,0,0,0,0.85,,,0.01,2.7,0.01,0
上櫃,3508,位速,2007,1.39,3.64,0,0,0,1.9,0.6,2.5,2.5,,,0.03,2.14,0.0,455
上櫃,3511,矽瑪,2007,1.24,4.75,3.2,0,3.2,0.3,0,0.3,3.5,,,0.01,1.13,0.03,300
上櫃,3512,能緹,2007,0.63,2.08,1.2,0,1.2,0,0,0,1.2,,,0.01,1.91,0.04,0
上市,3514,昱晶,2007,4.87,4.96,0,0,0,3,0,3,3,,,0.07,1.51,0.11,693
上市,3515,華擎,2007,16.73,18.07,15,0,15,0.5,0,0.5,15.5,,,0.15,0.87,0.47,"2,650"
上櫃,3516,亞帝歐,2007,2.27,3.45,2,0,2,0.3,0,0.3,2.3,,,0.06,2.51,0.0,"1,900"
興櫃,3517,洲磊,2007,,,0,0,0,0,0,0,0,,,0.0,,0.0,0
上市,3518,柏騰,2007,9.35,14.86,7.04,0,7.04,1.01,0,1.01,8.05,,,0.19,2.02,0.36,"1,600"
上市,3519,綠能,2007,6.22,7.41,4.56,0,4.56,1.01,0,1.01,5.57,,,0.06,0.96,0.0,"1,028"
上櫃,3520,振維,2007,0.65,1.46,0.81,0,0.81,0.2,0,0.2,1.01,,,0.02,2.7,0.03,233
上櫃,3521,鴻翊,2007,0.83,2.76,2.3,0,2.3,0,0,0,2.3,,,0.01,1.2,0.06,0
上櫃,3522,宏森,2007,1.03,3.18,1.27,0,1.27,0,0,0,1.27,,,0.03,2.7,0.06,0
上櫃,3523,迎輝,2007,8.0,9.81,6,0,6,0,0,0,6,,,0.08,0.94,0.31,0
興櫃,3524,正勛,2007,0.73,1.75,0,0,0,0,0,0,0,,,0.0,0,0.0,0
上櫃,3526,凡甲,2007,2.34,6.83,3.3,0,3.3,2.3,0,2.3,5.6,,,0.02,0.72,0.07,375
上櫃,3527,聚積,2007,3.4,14.53,10.49,0,10.49,1,0,1,11.5,,,0.06,1.62,0.29,527
上市,3528,安馳,2007,1.01,4.36,2,0,2,1,0,1,3,,,0.05,4.5,0.06,350
上櫃,3529,力旺,2007,1.44,3.23,0.5,0,0.5,1.4,0,1.4,1.89,,,0.02,1.48,0.04,"1,179"
興櫃,3530,晶相光,2007,0.1,0.45,0.5,0,0.5,0,0,0,0.5,,,0.0,0,0.01,0
上櫃,3531,先益,2007,2.55,4.86,3.2,0,3.2,0,0,0,3.2,,,0.05,1.8,0.16,0
上市,3532,台勝科,2007,41.92,6.7,1.45,0,1.45,1.45,0,1.45,2.9,,,0.0,0,0.28,0
上市,3533,嘉澤,2007,2.54,3.95,2,0,2,0.5,0,0.5,2.5,,,0.04,1.57,0.13,"1,500"
上市,3534,雷凌,2007,,,4.5,0,4.5,0.5,0,0.5,5,,,0.21,,1.03,"3,770"
上市,3535,晶彩科,2007,1.26,3.02,0.13,0,0.13,1.8,0.2,2,2.13,,,0.02,1.62,0.0,"1,020"
上市,3536,誠創,2007,4.73,3,1.04,0,1.04,0,0,0,1.04,,,0.12,2.53,0.24,0
上櫃,3537,堡達,2007,1.48,4.33,2.5,0,2.5,0,0,0,2.5,,,0.03,1.8,0.07,0
公開發行,3538,曜鵬,2007,1.53,3.58,2.9,0,2.9,0.6,0,0.6,3.5,,,0.01,0.9,0.0,"2,971"
上櫃,3540,曜越,2007,3.12,8.46,5,0,5,0.5,0,0.5,5.5,,,0.14,4.5,0.14,0
上櫃,3541,西柏,2007,1.09,5.26,1.7,0,1.7,2.5,0,2.5,4.2,,,0.03,2.7,0.0,783
興櫃,3543,州巧,2007,1.39,1.98,1.23,0,1.23,0,0,0,1.23,,,0.03,2.16,0.08,0
興櫃,3544,宣茂科,2007,,,0,0,0,0,0,0,0,,,0.0,,0.0,0
上市,3545,敦泰,2007,3.23,2.74,1.2,0,1.2,0.5,0,0.5,1.7,,,0.03,1.01,0.01,"1,100"
上櫃,3546,宇峻,2007,1.28,6.5,3,0,3,1,0,1,4,,,0.03,2.49,0.0,748
興櫃,3547,凱鼎,2007,,,0.4,0,0.4,0,0,0,0.4,,,0.01,,0.04,
上櫃,3548,兆利,2007,3.47,8.48,3,0,3,0.5,0,0.5,3.5,,,0.04,1.03,0.09,500
興櫃,3549,光宸,2007,,,1.6,0,1.6,0,0,0,1.6,,,0.02,,0.01,0
上市,3550,聯穎,2007,3.13,4.25,2,0,2,0.5,0,0.5,2.5,,,0.06,1.8,0.06,800
上櫃,3551,世禾,2007,2.19,7.17,2.71,0,2.71,0.45,0,0.45,3.16,,,0.03,1.3,0.04,0
上櫃,3552,同致,2007,1.14,3.25,0,0,0,1,0,1,1,,,0.03,2.7,0.0,512
上櫃,3553,力積,2007,2.36,7.56,1.75,0,1.75,1.75,0,1.75,3.5,,,0.06,2.7,0.17,"1,500"
公開發行,3554,精品,2007,0.29,2.07,1.2,0,1.2,0.3,0,0.3,1.5,,,0.01,1.8,0.02,144
上櫃,3555,重鳥鵬,2007,-1.3,-2.49,0,0,0,0,0,0,0,,,0.0,0,0.0,0
上櫃,3556,禾瑞亞,2007,1.3,3.58,1.8,0,1.8,0.45,0,0.45,2.24,,,0.04,2.68,0.06,"1,174"
上市,3557,嘉威,2007,4.26,8.46,0.45,0,0.45,4.05,0,4.05,4.5,,,0.04,0.9,0.0,"5,752"
上櫃,3558,神準,2007,1.29,4.3,2.93,0,2.93,0.29,0,0.29,3.22,,,0.04,2.75,0.03,890
公開發行,3559,全智科,2007,2.66,2.88,1.8,0,1.8,0.2,0,0.2,2,,,0.07,2.7,0.18,"1,795"
興櫃,3560,建欣科,2007,,,0,0,0,0.3,0,0.3,0.3,,,0.01,,0.0,0
上市,3561,昇陽光電,2007,2.84,3.18,1.02,0,1.02,0.51,0,0.51,1.53,,,0.13,4.5,0.17,851
上櫃,3562,頂晶科,2007,0.28,1.22,0.5,0,0.5,0,0,0,0.5,,,0.01,4.5,0.01,0
上櫃,3563,牧德,2007,0.39,1.99,0.15,0,0.15,1.3,0,1.3,1.45,,,0.01,2.7,0.0,524
上櫃,3564,其陽,2007,0.4,3.16,0.5,0,0.5,2,0,2,2.5,,,0.0,0,0.0,900
公開發行,3565,奧圖碼,2007,2.11,3.47,2.5,0,2.5,0,0,0,2.5,,,0.0,0,0.11,"1,611"
興櫃,3566,太陽光,2007,-2.63,-2.69,0,0,0,0,0,0,0,,,0.0,0,0.0,0
上櫃,3567,逸昌,2007,0.3,0.85,0.65,0,0.65,0,0,0,0.65,,,0.01,4.38,0.04,0
公開發行,3568,馥鴻,2007,0.42,1.88,1,0,1,0.42,0.58,1,2,,,0.0,0,0.0,22
上櫃,3570,大塚,2007,0.48,3.63,1.5,0,1.5,0.5,0,0.5,2,,,0.0,0,0.0,167
興櫃,3571,兆宏,2007,,,0,0,0,0.87,0,0.87,0.87,,,0.01,,0.0,523
公開發行,3572,宏芯,2007,1.27,5.28,2.77,0,2.77,1.3,0,1.3,4.07,,,0.01,0.97,0.05,"1,200"
公開發行,3573,穎台,2007,1.11,1.93,0.2,0,0.2,1,0.3,1.3,1.5,,,0.03,2.7,0.02,"1,800"
上市,3576,新日光,2007,5.48,5.98,0.2,0,0.2,1.8,0,1.8,2,,,0.1,1.82,0.65,"3,484"
上櫃,3577,泓格,2007,1.17,3.71,1,0,1,1.5,0,1.5,2.5,,,0.01,0.9,0.0,"1,200"
上市,3579,尚志,2007,29.05,41.5,25.02,0,25.02,1,0,1,26.02,,,0.0,0,0.0,300
上櫃,3580,友威科,2007,1.11,5.12,0,0,0,2,0,2,2,,,0.0,0,0.03,"1,194"
上櫃,3581,博磊,2007,0.8,1.33,1,0,1,0,0,0,1,,,0.02,3.01,0.08,0
上櫃,3582,凌耀,2007,0.24,1,0,0,0,0,0,0,0,,,,,,
公開發行,3584,介面,2007,3.36,9.99,3,0,3,2.5,0,2.5,5.5,,,0.09,2.61,0.0,"3,500"
興櫃,3585,聯致,2007,1.94,1.69,0.4,0,0.4,0.4,0,0.4,0.8,,,0.02,0.91,0.05,"1,761"
興櫃,3586,鋐達,2007,,,0,0,0,0,0,0,0,,,0.0,,0.0,0
上櫃,3587,閎康,2007,0.61,2.16,0.48,0,0.48,1.12,0,1.12,1.6,,,0.02,2.71,0.0,552
上市,3588,通嘉,2007,1.64,6.87,2.7,0,2.7,1.3,0,1.3,4,,,0.04,2.7,0.1,"1,400"
興櫃,3590,時緯,2007,,,0,0,0,0,0,0,0,,,0.0,,0.0,0
上市,3591,艾笛森,2007,1.22,3.47,1,0,1,1.3,0.7,2,3,,,0.03,2.45,0.0,"1,320"
興櫃,3592,瑞鼎,2007,6.07,16.17,7.8,0,7.8,1,0,1,8.8,,,0.05,0.9,0.8,"1,500"
上市,3593,力銘,2007,4.67,5.24,2,0,2,1,0,1,3,,,0.09,1.98,0.15,"1,537"
上櫃,3594,磐儀,2007,0.55,1.79,0.2,0,0.2,1,0,1,1.2,,,0.01,1.98,0.0,677
興櫃,3595,山太士,2007,0.76,2.95,0.4,0,0.4,1.7,0,1.7,2.1,,,0.03,4.5,0.0,680
上市,3596,智易,2007,5.41,6.23,2.48,0,2.48,0,0.4,0.4,2.87,,,0.1,1.8,0.28,"4,000"
興櫃,3597,映興,2007,0.5,1.7,1.2,0,1.2,0,0,0,1.2,,,0.01,2.26,0.01,0
上市,3598,奕力,2007,3.55,14.9,4.8,0,4.8,1.2,0,1.2,6,,,0.06,1.8,0.38,"2,558"
公開發行,3599,旺能,2007,6.21,7.01,3.4,0,3.4,0.1,0,0.1,3.5,,,0.0,0,0.05,"2,048"
興櫃,3601,前源,2007,0.68,1.67,0,0,0,0,0,0,0,,,0.0,0,0.0,0
興櫃,3603,建祥國際,2007,2.4,6.18,0.2,0,0.2,0.9,0,0.9,1.1,,,0.03,1.1,0.0,636
上市,3605,宏致,2007,5.32,7.54,3,0,3,1,0,1,4,,,0.14,2.7,0.09,500
公開發行,3606,特佳,2007,0.41,3.79,0,0,0,2.8,0,2.8,2.8,,,0.01,1.8,0.01,221
上市,3607,谷崧,2007,9.12,9.58,4,0,4,0,0,0,4,,,0.1,1.1,0.2,"2,000"
上櫃,3609,東林,2007,0.79,4.08,1,0,1,1.5,0,1.5,2.5,,,0.01,1.6,0.0,507
公開發行,3610,啟耀,2007,3.22,3.19,0,0,0,1.2,0,1.2,1.2,,,0.0,0,0.05,"4,000"
上櫃,3611,鼎翰,2007,0.24,2.22,0.5,0,0.5,0,0,0,0.5,,,0.01,4.5,0.01,0
公開發行,3613,碩達,2007,1.32,3.49,0,0,0,0,0,0,0,,,0.0,0,0.0,0
上市,3614,誠致,2007,,,0.79,0,0.79,0.2,0,0.2,0.99,,,0.01,,0.0,543
上櫃,3615,安可,2007,0.2,0.93,0,0,0,0,0,0,0,,,,,,
上市,3617,碩天,2007,4.31,9.86,1,0,1,4,0,4,5,,,0.05,1.23,0.11,"1,530"
上市,3622,洋華,2007,1.07,9.02,0.47,0,0.47,0.27,0.2,0.47,0.93,,,0.0,0,0.02,0
上櫃,3623,富晶通,2007,1.45,2.89,0,0,0,0,0,0,0,,,,,,
上櫃,3624,光頡,2007,,,1.5,0,1.5,0,0,0,1.5,,,0.04,,0.07,0
上櫃,3625,西勝,2007,0.45,1.96,0,0,0,0,0,0,0,,,0.0,0,0.0,0
上櫃,3628,盈正,2007,,,0.6,0,0.6,0,0,0,0.6,,,0.01,,0.02,0
上櫃,3630,新鉅科,2007,,,0,0,0,0.27,0,0.27,0.27,,,0.01,,0.0,300
上櫃,3631,晟楠,2007,,,0,0,0,2.67,0,2.67,2.67,,,0.0,,0.0,0
興櫃,3633,云光,2007,,,0,0,0,1.93,0,1.93,1.93,,,0.0,,0.0,457
公開發行,3634,正翰,2007,,,0.6,0,0.6,2.4,0,2.4,3,,,0.04,,0.04,0
公開發行,3636,晶越,2007,,,0.2,0,0.2,0.2,0,0.2,0.4,,,0.0,,0.01,0
上市,3701,大眾控,2007,-7.18,-5.1,0,0,0,0,0,0,0,,,0.0,0,0.0,0
上市,3702,大聯大,2007,25.61,3.75,2.08,0,2.08,0.3,0,0.3,2.38,,,0.55,2.15,0.18,"7,800"
上市,3703,欣陸,2007,,,1.2,0,1.2,0,0,0,1.2,,,,,,
上市,3704,合勤控,2007,,,0.85,0,0.85,0.15,0,0.15,1,,,,,,
上市,3705,永信,2007,,,2,0,2,0,0,0,2,,,,,,
上櫃,4102,永日,2007,0.07,0.2,0.5,0,0.5,0,0,0,0.5,,,0.0,0,0.0,0
上櫃,4103,百略,2007,4.46,3.79,2.75,0,2.75,0.05,0,0.05,2.8,,,0.02,0.4,0.04,400
上市,4104,佳醫,2007,12.1,12.56,5,0,5,0,0,0,5,,,0.33,2.7,0.54,0
上櫃,4105,東洋,2007,2.44,2.82,1.6,0,1.6,0.8,1,1.8,3.4,,,0.04,1.8,0.07,0
上市,4106,雃博,2007,1.53,2.33,1.26,0,1.26,0.24,0,0.24,1.5,,,0.02,1.43,0.04,521
上櫃,4107,邦特,2007,3.09,4.32,1.5,0,1.5,0,0,0,1.5,,,0.05,1.78,0.27,0
上市,4108,懷特,2007,-1.01,-1.07,0,0,0,0,0,0,0,,,0.0,0,0.0,0
上櫃,4109,穆拉德加捷,2007,0.4,0.94,0.8,0,0.8,0,0.3,0.3,1.1,,,0.01,2.76,0.01,0
上櫃,4111,濟生,2007,0.24,0.49,0.4,0,0.4,0,0,0,0.4,,,0.01,4.5,0.01,0
上櫃,4113,聯上,2007,-0.35,-1.57,0,0,0,0,0,0,0,,,0.0,0,0.0,0
上櫃,4114,健喬,2007,0.35,0.69,0.2,0,0.2,0.1,0.5,0.6,0.8,,,0.01,1.7,0.0,320
上櫃,4116,明基醫,2007,0.44,0.94,0.8,0,0.8,0,0,0,0.8,,,0.0,1.09,0.02,0
興櫃,4117,普生,2007,-0.07,-0.43,0,0,0,0,0,0,0,,,0.0,0,0.0,0
上市,4119,旭富,2007,1.51,4.63,2.9,0,2.9,1,0,1,3.9,,,0.03,1.8,0.01,400
上櫃,4120,友華,2007,1.61,3.15,0.6,0,0.6,1,0,1,1.6,,,0.0,0,0.0,669
上櫃,4121,優盛,2007,1.32,2.26,1.01,0,1.01,0.25,0,0.25,1.26,,,0.04,2.7,0.12,"1,188"
上櫃,4123,晟德,2007,1.15,4.2,0,0,0,2,0,2,2,,,0.02,1.78,0.0,306
興櫃,4124,期美,2007,,,1,0,1,0,0,0,1,,,0.01,,0.04,0
上櫃,4126,太醫,2007,1.17,2.82,0.8,0,0.8,1.22,0,1.22,2.02,,,0.01,1.09,0.03,"1,060"
上櫃,4127,天良,2007,0.07,0.17,0.1,0,0.1,0.4,0,0.4,0.5,,,0.0,5.4,0.0,0
上櫃,4128,中天,2007,-1.23,-1.57,0,0,0,0,0,0,0,,,0.0,0,0.0,0
上櫃,4129,聯合,2007,-0.31,-0.91,0,0,0,0,0,0,0,,,0.0,0,0.0,0
上櫃,4130,健亞,2007,0.03,0.04,0,0,0,0,0,0,0,,,0.0,0,0.0,0
上櫃,4131,晶宇,2007,-0.15,-0.37,0,0,0,0,0,0,0,,,,,,
上市,4133,亞諾法,2007,,,0,0,0,0,0,0,0,,,0.0,,0.0,0
興櫃,4135,天賜爾,2007,,,0.06,0,0.06,0.47,0,0.47,0.52,,,0.01,,0.0,179
上櫃,4205,中華食,2007,1.15,1.94,1.5,0,1.5,0,0,0,1.5,,,0.05,4.24,0.01,0
上櫃,4207,環泰,2007,0.68,0.65,0,0,0,0.39,0,0.39,0.39,,,0.01,1.35,0.0,92
上櫃,4303,信立,2007,-0.88,-0.69,0,0,0,0,0,0,0,,,0.0,0,0.0,0
上櫃,4304,勝昱,2007,0.01,0.02,0,0,0,0,0,0,0,,,0.0,0,0.0,0
上櫃,4305,世坤,2007,0.47,0.85,0.65,0,0.65,0,0,0,0.65,,,0.01,1.81,0.01,0
上市,4306,炎洲,2007,1.51,1.18,0.3,0,0.3,0.65,0,0.65,0.95,,,0.0,0.32,0.01,0
上櫃,4401,東隆興,2007,1.44,1.2,0.85,0,0.85,0,0,0,0.85,,,0.06,4.16,0.1,0
上櫃,4402,福大,2007,-1.27,-1.22,0,0,0,0,0,0,0,,,0.0,0,0.0,0
上櫃,4406,新昕纖,2007,0.36,0.7,0,0,0,0,0,0,0,,,0.04,10.7,0.0,0
上櫃,4408,聯明,2007,,,0,0,0,0,0,0,0,,,0.0,,0.0,0
上櫃,4413,飛寶,2007,-0.83,-0.47,0,0,0,0,0,0,0,,,0.0,0,0.0,0
上市,4414,如興,2007,-0.84,-0.62,0,0,0,0,0,0,0,,,0.0,0,0.0,0
上櫃,4415,台原藥,2007,-3.3,-3.73,0,0,0,0,0,0,0,,,0.0,0,0.0,0
上櫃,4416,三圓,2007,1.9,3.66,2.75,0,2.75,0,0,0,2.75,,,0.03,1.82,0.03,0
上櫃,4417,金洲,2007,0.62,1.09,0,0,0,0.6,0,0.6,0.6,,,0.01,1.75,0.01,0
上櫃,4419,元勝,2007,-0.2,-0.69,0,0,0,0,0,0,0,,,0.0,0,0.0,0
上櫃,4420,光明,2007,0.59,1.97,1.6,0,1.6,0,0,0,1.6,,,0.03,4.88,0.01,0
上市,4426,利勤,2007,0.3,0.57,0.2,0,0.2,0.2,0,0.2,0.4,,,0.01,4.33,0.03,0
上櫃,4502,健信,2007,-2.87,-2.26,0,0,0,0,0,0,0,,,0.0,0,0.0,0
上櫃,4503,金雨,2007,-1.16,-1.75,0,0,0,0,0,0,0,,,,,,
上櫃,4506,崇友,2007,2.32,0.81,1,0,1,0,0,0,1,,,0.0,0,0.0,0
上櫃,4510,高鋒,2007,0.28,0.32,0.3,0,0.3,0,0,0,0.3,,,0.01,5.01,0.01,0
上櫃,4513,福裕,2007,1.69,2.57,1.7,0,1.7,0,0,0,1.7,,,0.03,1.68,0.11,0
上櫃,4523,永彰,2007,0.12,0.22,0.2,0,0.2,0,0,0,0.2,,,0.0,0,0.0,0
上市,4526,東台,2007,5.95,3.68,2,0,2,1,0,1,3,,,0.11,1.8,0.27,"2,131"
上櫃,4527,方土霖,2007,0.46,0.99,0.1,0,0.1,0.9,0,0.9,1,,,0.02,4.5,0.04,0
上櫃,4528,江興鍛,2007,0.83,1.63,0.2,0,0.2,1.3,0,1.3,1.5,,,0.01,1.55,0.0,816
上櫃,4529,淳紳,2007,0.3,0.64,0,0,0,0,0,0,0,,,0.0,0,0.0,0
上櫃,4530,宏易,2007,0.09,0.16,0,0,0,0,0,0,0,,,0.0,0,0.0,0
上市,4532,瑞智,2007,3.84,1.08,0.3,0,0.3,0.5,0,0.5,0.8,,,0.07,1.8,0.0,"2,420"
上櫃,4533,協易機,2007,2.95,3.11,1.3,0,1.3,0.62,0,0.62,1.92,,,0.05,1.8,0.0,532
上櫃,4534,慶騰,2007,-0.97,-1.84,0,0,0,0,0,0,0,,,0.0,0,0.0,0
上櫃,4535,至興,2007,3.32,4.75,2.5,0,2.5,0,0,0,2.5,,,0.12,3.6,0.12,0
上櫃,4609,唐鋒,2007,-0.68,-1.42,0,0,0,0,0,0,0,,,0.0,0,0.0,0
上櫃,4702,中美實,2007,-0.06,-0.09,0,0,0,0,0,0,0,,,0.0,0,0.0,0
公開發行,4703,揚華,2007,-0.21,-0.33,0,0,0,0,0,0,0,,,0.0,0,0.0,0
上櫃,4706,大恭,2007,0.58,0.73,0.6,0,0.6,0,0,0,0.6,,,0.01,1.55,0.02,0
上櫃,4707,磐亞,2007,2.81,1.5,1.01,0,1.01,1.01,0,1.01,2.02,,,0.03,0.9,0.1,0
上櫃,4711,永純,2007,1.21,1.98,1.4,0,1.4,0,0,0,1.4,,,0.03,2.29,0.02,0
上櫃,4712,南璋,2007,0.17,0.26,0.3,0,0.3,0,0,0,0.3,,,0.0,1.8,0.0,0
上櫃,4714,永捷,2007,0.35,0.82,0.5,0,0.5,0,0,0,0.5,,,0.01,1.93,0.0,0
上櫃,4716,大立,2007,-0.15,-0.29,0,0,0,0,0.1,0.1,0.1,,,0.0,0,0.0,0
上市,4720,德淵,2007,0.77,1.59,0.5,0,0.5,0.5,0,0.5,1,,,0.02,2.7,0.0,545
上櫃,4721,美琪瑪,2007,1.41,2.21,1.4,0,1.4,0.5,0,0.5,1.9,,,0.02,1.07,0.0,360
上市,4722,國精化,2007,0.3,0.5,0.5,0,0.5,0,0,0,0.5,,,0.01,3.16,0.0,0
上市,4725,信昌化,2007,24.08,8.76,6.5,0,6.5,0,0,0,6.5,,,1.0,4.16,0.05,0
上櫃,4726,永昕,2007,-0.67,-1.81,0,0,0,0,0,0,0,,,,,,
上櫃,4729,熒茂,2007,1.18,3.54,1,0,1,0,0,0,1,,,0.01,0.83,0.03,0
公開發行,4731,東宇,2007,-0.21,-0.71,0,0,0,0,0,0,0,,,0.0,0,0.0,0
興櫃,4732,彥臣,2007,-0.22,-1.43,0,0,0,0,0,0,0,,,0.0,0,0.0,0
公開發行,4733,上緯,2007,1.19,2.98,0.25,0,0.25,2.05,0,2.05,2.3,,,0.02,1.8,0.0,799
公開發行,4734,正揚,2007,-0.1,-0.39,0,0,0,0,0,0,0,,,0.0,0,0.0,0
公開發行,4801,高盛,2007,-0.55,-1.18,0,0,0,0,0,0,0,,,0.0,0,0.0,0
上櫃,4903,聯光通,2007,0.15,0.2,0,0,0,0,0,0,0,,,0.0,0,0.0,0
上市,4904,遠傳,2007,116.19,3,3.1,0,3.1,0,0,0,3.1,,,1.05,0.9,2.1,0
上櫃,4905,台聯電,2007,0.6,1.05,0.51,0,0.51,0,0,0,0.51,,,0.01,1.69,0.03,0
上市,4906,正文,2007,10.08,4.24,3.19,0,3.19,0.2,0,0.2,3.39,,,,,,
上櫃,4907,富宇,2007,-1.8,-4.3,0,0,0,0,0,0,0,,,0.0,0,0.0,0
上櫃,4908,前鼎,2007,2.37,4.28,1.5,0,1.5,1.5,0,1.5,3,,,0.07,2.74,0.13,"1,941"
上櫃,4909,新復興,2007,3.18,4.26,2.78,0,2.78,0.69,0,0.69,3.47,,,0.06,1.79,0.16,684
上櫃,4911,德英,2007,-0.12,-0.25,0,0,0,0,0,0,0,,,0.0,0,0.0,0
上市,5007,三星,2007,5.51,2.81,2.22,0,2.22,0,0,0,2.22,,,0.0,0,0.08,0
上櫃,5009,榮剛,2007,12.85,4.33,2.5,0,2.5,0,0,0,2.5,,,0.15,1.17,0.6,0
上櫃,5011,久陽,2007,-0.6,-1.86,0,0,0,0,0,0,0,,,,,,
上櫃,5013,強新,2007,1.14,1.48,0.5,0,0.5,0.7,0,0.7,1.2,,,0.03,2.6,0.03,0
上櫃,5014,建錩,2007,0.46,0.4,0.4,0,0.4,0,0.35,0.35,0.75,,,0.01,1.8,0.02,0
上櫃,5015,華祺,2007,2.56,4.61,3.5,0,3.5,0,0,0,3.5,,,0.05,1.8,0.0,0
上櫃,5016,松和,2007,0.63,1.54,1.2,0,1.2,0,0,0,1.2,,,0.03,4.14,0.01,0
上櫃,5102,富強,2007,0.19,0.34,0,0,0,0.35,0.15,0.5,0.5,,,0.0,0,0.0,0
上櫃,5201,凱衛,2007,0.11,0.44,0,0,0,0,0,0,0,,,0.0,0,0.0,0
上櫃,5202,力新,2007,-0.21,-0.35,0,0,0,0,0,0,0,,,0.0,0,0.0,0
上市,5203,訊連,2007,10.72,10.03,7.49,0,7.49,0.1,0,0.1,7.59,,,0.14,1.29,0.55,"3,688"
上櫃,5204,得捷,2007,,,0,0,0,0,0,0,0,,,,,,
上櫃,5205,漢康,2007,0.16,0.83,0,0,0,0,0,0,0,,,0.0,0,0.0,0
上櫃,5206,坤悅,2007,-1.5,-3.28,0,0,0,0,0,0,0,,,0.0,0,0.0,0
上櫃,5207,飛雅,2007,,,0,0,0,0,0,0,0,,,,,,
上櫃,5209,新鼎,2007,0.44,2.13,1.6,0,1.6,0.11,0,0.11,1.71,,,0.01,1.74,0.0,232
上櫃,5210,寶碩,2007,0.55,0.76,0.64,0,0.64,0.21,0,0.21,0.86,,,,,,
上櫃,5211,蒙恬,2007,0.8,2.28,1.6,0,1.6,0.4,0,0.4,2,,,0.02,2.66,0.06,142
上櫃,5212,凌網,2007,0.47,1.42,0.95,0,0.95,0.14,0,0.14,1.09,,,0.01,1.4,0.05,100
上櫃,5213,亞昕,2007,1.82,3.36,0,0,0,2.5,0,2.5,2.5,,,0.05,2.75,0.05,0
上櫃,5301,寶得利,2007,-0.7,-1.11,0,0,0,0,0,0,0,,,0.0,0,0.0,0
上櫃,5302,太欣,2007,-0.89,-0.57,0,0,0,0,0,0,0,,,0.0,0,0.0,0
上櫃,5304,鼎創達,2007,-6.31,-4.95,0,0,0,0,0,0,0,,,0.0,0,0.0,0
上市,5305,敦南,2007,10.53,2.4,1.7,0,1.7,0.1,0,0.1,1.8,,,0.23,2.15,0.6,"3,017"
上櫃,5306,桂盟,2007,-2.22,-2.99,0,0,0,0,0,0,0,,,,,,
上櫃,5309,系統電,2007,-0.85,-0.66,0,0,0,0,0,0,0,,,0.0,0,0.0,0
上櫃,5310,天剛,2007,-2.66,-3.91,0,0,0,0,0,0,0,,,0.0,0,0.0,0
上櫃,5312,寶島科,2007,1.35,2.37,1.6,0,1.6,0.5,0,0.5,2.1,,,0.01,0.91,0.01,0
上櫃,5314,世紀,2007,-0.07,-0.06,0,0,0,0,0,0,0,,,0.0,0,0.0,0
上櫃,5315,光聯,2007,0.03,0.01,0,0,0,0,0,0,0,,,0.0,0,0.0,0
上櫃,5317,凱美,2007,1.8,1.36,0.8,0,0.8,0.2,0,0.2,1,,,0.08,4.5,0.16,0
公開發行,5318,佳鼎,2007,-18.23,-6.44,0,0,0,0,0,0,0,,,,,,
上櫃,5321,友銓,2007,1.11,0.5,0,0,0,0,0,0,0,,,,,,
上櫃,5324,士開,2007,-0.19,-0.15,0,0,0,0,0,0,0,,,0.0,0,0.0,0
公開發行,5326,漢磊,2007,6.01,1.83,0.85,0,0.85,0.15,0,0.15,1,,,0.11,1.8,0.22,"3,246"
上櫃,5328,華容,2007,0.29,0.17,0,0,0,0,0,0,0,,,0.0,0,0.0,0
上櫃,5340,建榮,2007,0.22,0.13,0,0,0,0,0,0,0,,,0.0,0,0.0,0
上櫃,5344,立衛,2007,0.93,1.25,0,0,0,0,0,0,0,,,0.0,0,0.0,0
上櫃,5345,天揚,2007,-1.89,-3.77,0,0,0,0,0,0,0,,,0.0,0,0.0,0
公開發行,5346,力晶,2007,-123.26,-1.6,0,0,0,0,0,0,0,,,0.0,0,0.0,0
上櫃,5347,世界,2007,43.21,2.55,1.72,0,1.72,0.02,0.03,0.05,1.77,,,0.39,0.9,1.24,"18,667"
上櫃,5348,系通,2007,0.33,1.52,0,0,0,0,0,0,0,,,0.0,0,0.0,0
上櫃,5349,先豐,2007,-1.93,-1.01,0,0,0,0,0,0,0,,,0.0,0,0.0,0
上櫃,5351,鈺創,2007,12.86,3.47,0.82,0,0.82,0.41,0.82,1.23,2.04,,,0.22,1.72,0.0,"13,244"
上櫃,5353,台林,2007,0.28,0.29,0.24,0,0.24,0,0,0,0.24,,,0.01,4.5,0.01,0
上櫃,5355,佳總,2007,0.38,0.35,0,0,0,0,0,0,0,,,0.0,0,0.0,0
上櫃,5356,協益,2007,0.71,0.51,0.15,0,0.15,0,0,0,0.15,,,0.01,1.26,0.0,0
上櫃,5364,力麗店,2007,5.04,3.34,0.29,0,0.29,1.26,0,1.26,1.55,,,0.14,2.7,0.0,"4,534"
上櫃,5371,中光電,2007,34.06,4.9,3,0,3,0.2,0,0.2,3.2,,,0.0,0,2.35,"15,686"
上櫃,5381,合正,2007,0.04,0.02,0,0,0,0,0,0,0,,,0.0,0,0.0,0
上櫃,5383,金利,2007,0.95,1.55,0.5,0,0.5,0.86,0.14,1,1.5,,,0.05,4.93,0.05,0
公開發行,5384,捷元,2007,1.78,1.99,1.44,0,1.44,0,0,0,1.44,,,0.05,2.69,0.15,0
上櫃,5386,青雲,2007,-0.8,-5.38,0,0,0,0,0,0,0,,,0.0,0,0.0,0
公開發行,5387,茂德科技,2007,-73.21,-1.11,0,0,0,0,0,0,0,,,0.0,0,0.0,0
上市,5388,中磊,2007,5.39,3.65,2,0,2,0.4,0,0.4,2.4,,,0.09,1.72,0.0,"6,940"
上櫃,5392,應華,2007,5.57,10.29,4.5,0,4.5,0.5,0,0.5,5,,,0.15,2.7,0.33,"1,680"
公開發行,5395,圓方,2007,-1.5,-4.31,0,0,0,0,0,0,0,,,0.0,0,0.0,0
上櫃,5398,慕康生醫,2007,0.03,0.05,0,0,0,0,0,0,0,,,0.0,0,0.0,0
上櫃,5403,中菲,2007,0.83,1.52,1.22,0,1.22,0,0.5,0.5,1.72,,,0.04,4.5,0.08,0
上櫃,5410,國眾,2007,-0.72,-1.5,0,0,0,0,0,0,0,,,0.0,0,0.0,0
上櫃,5425,台半,2007,2.51,1.11,0.7,0,0.7,0,0,0,0.7,,,0.02,0.9,0.14,0
上櫃,5426,振發,2007,2.79,1.93,1.63,0,1.63,0,0,0,1.63,,,,,,
上櫃,5432,達威,2007,0.63,0.77,0.5,0,0.5,0,0,0,0.5,,,0.01,1.57,0.01,0
上市,5434,崇越,2007,6.15,4.6,3,0,3,0.3,0,0.3,3.3,,,0.08,1.22,0.15,"2,500"
上櫃,5438,東友,2007,5.12,4.72,2.58,0,2.58,0.65,0,0.65,3.23,,,0.23,4.5,0.23,"2,305"
上櫃,5439,高技,2007,1.87,2.53,1.6,0,1.6,0.2,0,0.2,1.8,,,0.08,4.19,0.14,174
上櫃,5443,均豪,2007,-3.01,-1.35,0,0,0,0,0,0,0,,,0.0,0,0.0,0
上櫃,5450,寶聯通,2007,0.35,0.67,0,0,0,0,0,0,0,,,0.0,0,0.0,0
上櫃,5452,佶優,2007,0.81,0.61,0.17,0,0.17,0.17,0,0.17,0.33,,,0.01,1.18,0.0,481
上櫃,5455,昇益,2007,0.81,2.64,0,0,0,1.55,0,1.55,1.55,,,0.03,3.69,0.0,895
上櫃,5457,宣德,2007,-2.98,-1.74,0,0,0,0,0,0,0,,,,,,
上櫃,5460,同協,2007,0.68,1.03,0.5,0,0.5,0.3,0,0.3,0.8,,,0.02,2.7,0.0,614
上櫃,5464,霖宏,2007,2.09,4.05,2,0,2,1.5,0,1.5,3.5,,,0.04,1.8,0.0,735
上櫃,5465,富驊,2007,-0.5,-0.43,0,0,0,0,0,0,0,,,0.0,0,0.0,0
上櫃,5466,泰林,2007,6.52,2.23,1.31,0,1.31,0,0,0,1.31,,,0.03,0.42,0.55,0
公開發行,5467,聯福生,2007,0.66,0.59,0,0,0,0,0,0,0,,,0.0,0,0.0,0
上櫃,5468,凱鈺,2007,-1.33,-2.14,0,0,0,0,0,0,0,,,0.0,0,0.0,0
上市,5469,瀚宇博,2007,13.54,4.09,0.6,0,0.6,2,0,2,2.6,,,0.2,1.44,0.98,0
上市,5471,松翰,2007,8.56,5.45,3.78,0,3.78,0.3,0,0.3,4.08,,,0.12,1.4,0.8,"2,500"
上櫃,5474,聰泰,2007,1.01,3,2.5,0,2.5,0,0,0,2.5,,,0.02,1.79,0.05,0
上櫃,5475,德宏,2007,1.28,0.74,0,0,0,1.01,0,1.01,1.01,,,0.02,1.8,0.0,907
上櫃,5478,智冠,2007,8.7,7.14,5.47,0,5.47,0.05,0,0.05,5.52,,,0.05,0.58,0.33,"1,000"
上櫃,5480,統盟,2007,-1.9,-1.4,0,0,0,0,0,0,0,,,0.0,0,0.0,0
上櫃,5481,華韡,2007,0.99,1,0.75,0,0.75,0,0,0,0.75,,,0.04,4.02,0.08,0
上櫃,5483,中美晶,2007,18.06,9.15,5.99,0,5.99,0.5,0,0.5,6.49,,,0.29,1.63,1.36,"1,131"
上市,5484,慧友,2007,3.68,3.44,2.4,0,2.4,0.3,0,0.3,2.7,,,0.1,2.71,0.2,"1,992"
上櫃,5487,通泰,2007,0.7,1.56,1.09,0,1.09,0,0,0,1.09,,,0.03,4.48,0.09,0
上櫃,5488,松普,2007,1.02,1.15,0.5,0,0.5,0.2,0,0.2,0.7,,,0.04,3.73,0.0,"1,000"
上櫃,5489,彩富,2007,3.45,4.01,2.5,0,2.5,0.71,0,0.71,3.2,,,0.02,0.56,0.15,"1,500"
上櫃,5490,同亨,2007,3.26,3.22,2.59,0,2.59,0,0,0,2.59,,,0.09,2.8,0.37,0
公開發行,5491,連展,2007,0.36,0.3,0.04,0,0.04,0.2,0,0.2,0.24,,,0.01,3.03,0.01,374
上櫃,5492,亞智科,2007,,,0,0,0,1.8,0,1.8,1.8,,,,,,
上櫃,5493,三聯,2007,0.45,1.2,0.7,0,0.7,0,0,0,0.7,,,0.01,3.32,0.01,0
上櫃,5498,凱崴,2007,0.48,0.33,0,0,0,0.2,0,0.2,0.2,,,0.0,0,0.0,0
上櫃,5501,金腦科,2007,,,0,0,0,0,0,0,0,,,,,,
公開發行,5505,和旺,2007,0.57,1.44,0,0,0,0,0,0,0,,,0.0,0,0.0,0
公開發行,5506,長鴻,2007,-1.3,-1.14,0,0,0,0,0,0,0,,,0.0,0,0.0,0
上櫃,5508,永信建,2007,10.91,8.33,7.5,0,7.5,0,0,0,7.5,,,0.0,0,0.01,0
上櫃,5511,德昌,2007,1.61,1.95,1.5,0,1.5,0,0,0,1.5,,,0.04,2.7,0.01,0
上櫃,5512,力麒,2007,2.35,0.77,0.29,0,0.29,0,0.69,0.69,0.98,,,0.03,1.47,0.01,0
上櫃,5514,三豐,2007,0.79,0.84,1,0,1,0,0,0,1,,,0.01,1.8,0.01,0
上市,5515,建國,2007,3.6,2.08,0.3,0,0.3,1.45,0.25,1.7,2,,,0.1,2.7,0.03,"1,324"
上櫃,5516,雙喜,2007,0.31,0.8,0.75,0,0.75,0,0,0,0.75,,,0.0,0.95,0.0,0
上市,5519,隆大,2007,1.45,2.84,0.47,0,0.47,1.89,0,1.89,2.36,,,0.05,3.6,0.02,371
上櫃,5520,力泰,2007,2.69,3.78,1.8,0,1.8,0,0,0,1.8,,,0.02,0.9,0.02,0
上市,5521,工信,2007,3.11,1.06,0.1,0,0.1,0.7,0,0.7,0.8,,,0.08,2.66,0.0,827
上市,5522,遠雄,2007,44.32,6.37,4,0,4,0,0,0,4,,,0.14,0.32,0.57,0
上櫃,5523,豐謙,2007,1.89,2,0.48,0,0.48,1.05,0,1.05,1.53,,,0.05,2.7,0.0,600
上市,5525,順天,2007,4.66,3.11,0.3,0,0.3,2.2,0,2.2,2.5,,,0.12,2.62,0.04,0
上櫃,5529,志嘉,2007,-0.19,-0.44,0,0,0,0,0,0,0,,,,,,
上櫃,5530,龍巖,2007,0.61,0.57,0,0,0,0,0,0,0,,,0.0,0,0.0,0
上市,5531,鄉林,2007,16.98,6.06,2,0,2,2,0,2,4,,,0.0,0,0.15,0
上市,5533,皇鼎,2007,4.73,3.28,0.8,0,0.8,1.5,0,1.5,2.3,,,0.02,0.44,0.0,470
上市,5534,長虹,2007,12.55,7.56,4.8,0,4.8,0.2,0,0.2,5,,,0.03,0.2,0.0,920
上櫃,5601,台聯櫃,2007,0.22,0.31,0.27,0,0.27,0,0,0,0.27,,,0.01,2.7,0.0,0
上櫃,5603,陸海,2007,-0.3,-0.49,0.3,0,0.3,0.2,0,0.2,0.5,,,,,,
上櫃,5604,中連貨,2007,6.09,5.6,5,0,5,0,0,0,5,,,0.0,0,0.0,0
公開發行,5605,遠航,2007,-65.26,-11.2,0,0,0,0,0,0,0,,,,,,
上市,5607,遠雄港,2007,-2.49,-1.8,0,0,0,0,0,0,0,,,0.0,0,0.0,0
上市,5608,四維航,2007,18.24,5.55,5,0,5,0.25,0,0.25,5.25,,,0.1,0.55,0.19,"1,850"
上櫃,5609,中菲行,2007,2.43,2.42,0.57,0,0.57,1.33,0.1,1.42,1.99,,,0.07,2.7,0.07,"1,529"
上櫃,5701,劍湖山,2007,-3.99,-1.31,0,0,0,0,0,0,0,,,,,,
上櫃,5703,亞都,2007,-0.68,-0.97,0,0,0,0,0,0,0,,,,,,
上櫃,5704,老爺知,2007,0.16,0.27,0.3,0,0.3,0,0,0,0.3,,,0.01,3.54,0.0,0
上市,5706,鳳凰,2007,0.66,2.27,1.5,0,1.5,0.25,0.25,0.5,2,,,0.01,1.68,0.02,0
上櫃,5820,日盛金,2007,0.7,0.03,0,0,0,0,0,0,0,,,0.0,0,0.0,0
上市,5854,合庫,2007,97.4,2.04,0.4,0,0.4,1.5,0,1.5,1.9,,,0.68,0.7,5.45,0
興櫃,5863,瑞興銀,2007,0.51,0.24,0.16,0,0.16,0,0,0,0.16,,,0.0,0.7,0.01,0
上櫃,5864,致和證,2007,0.73,0.45,0.2,0,0.2,0,0.2,0.2,0.4,,,0.0,0,0.0,0
上櫃,5902,德記,2007,-1.67,-1.01,0,0,0,0,0,0,0,,,0.0,0,0.0,0
上櫃,5903,全家,2007,6.32,2.83,2.3,0,2.3,0,0,0,2.3,,,0.11,1.79,0.28,0
上櫃,5904,寶雅,2007,1.53,2.5,1.8,0,1.8,0.1,0,0.1,1.9,,,0.05,3.14,0.0,"1,025"
上櫃,5905,南仁湖,2007,-0.34,-0.22,0,0,0,0,0,0,0,,,0.0,0,0.0,0
上市,6005,群益證,2007,25.06,1.7,0.2,0,0.2,1,0,1,1.2,,,0.7,2.8,0.0,"5,261"
公開發行,6008,凱基證,2007,52.14,2.08,1,0,1,0,0,0,1,,,0.6,1.15,0.55,0
上市,6012,金鼎證,2007,,,0.25,0,0.25,0,0,0,0.25,,,0.0,,0.17,0
上櫃,6015,宏遠證,2007,5.31,1.23,0,0,0,0,0,0,0,,,0.0,0,0.0,0
上櫃,6016,康和證,2007,6.45,1.12,0,0,0,0.55,0.13,0.68,0.68,,,0.18,2.71,0.04,0
上櫃,6020,大展證,2007,4.05,1.74,1.21,0,1.21,0,0,0,1.21,,,0.01,0.13,0.01,0
上櫃,6021,大慶證,2007,2.55,1.02,0,0,0,0.65,0,0.65,0.65,,,0.02,0.65,0.02,0
上櫃,6022,大眾證,2007,5.06,2.32,0,0,0,1.18,0,1.18,1.18,,,,,,
上櫃,6023,元大期,2007,4.89,4.96,1.15,0,1.15,1.72,0,1.72,2.87,,,0.0,0.07,0.0,"2,740"
上市,6024,群益期,2007,,,2.06,0,2.06,0,0,0,2.06,,,0.03,,0.0,0
上櫃,6101,寬魚國際,2007,0.51,0.5,0,0,0,0,0,0,0,,,0.0,0,0.0,0
上櫃,6103,合邦,2007,-6.9,-6.71,0,0,0,0,0,0,0,,,0.0,0,0.0,0
上櫃,6104,創惟,2007,1.71,2.21,1.15,0,1.15,0.49,0,0.49,1.65,,,0.03,1.71,0.15,660
上櫃,6105,瑞傳,2007,5.06,5.06,3,0,3,0.6,0,0.6,3.6,,,0.09,1.8,0.29,"1,229"
上櫃,6107,華美,2007,-0.1,-0.29,0,0,0,0,0,0,0,,,,,,
上市,6108,競國,2007,3.51,2.86,1,0,1,1,0,1,2,,,0.05,1.28,0.06,950
上櫃,6109,亞元,2007,0.05,0.1,0,0,0,0,0,0,0,,,0.0,0,0.0,0
上櫃,6110,艾群,2007,,,0,0,0,0,0,0,0,,,,,,
上櫃,6111,大宇資,2007,-0.93,-3.76,0,0,0,0,0,0,0,,,,,,
上市,6112,聚碩,2007,1.32,2.1,1,0,1,0.5,0.5,1,2,,,0.03,2.48,0.11,0
上櫃,6113,亞矽,2007,-1.18,-2.13,0,0,0,0,0,0,0,,,0.0,0,0.0,0
上櫃,6114,久威,2007,-0.87,-1.47,0,0,0,0,0,0,0,,,,,,
上市,6115,鎰勝,2007,5.85,4.7,3,0,3,1,0,1,4,,,0.11,1.82,0.19,"1,862"
上市,6116,彩晶,2007,143.79,2.89,0.75,0,0.75,0.75,0,0.75,1.5,,,1.74,1.21,4.34,"43,419"
上市,6117,迎廣,2007,0.38,0.44,0.3,0,0.3,0,0,0,0.3,,,0.01,1.55,0.02,0
上櫃,6118,建達,2007,0.5,0.6,0.3,0,0.3,0.3,0,0.3,0.6,,,0.0,0,0.02,0
上市,6119,大傳,2007,,,0.75,0,0.75,0,0,0,0.75,,,0.03,,0.22,0
上市,6120,達運,2007,-1.17,-0.44,0.18,0,0.18,0.37,0,0.37,0.55,,,0.03,-2.51,0.3,0
上櫃,6121,新普,2007,20.57,11.66,5,0,5,1,0,1,6,,,0.28,1.35,0.3,"4,500"
上櫃,6122,擎邦,2007,0.49,0.99,0.77,0,0.77,0.19,0,0.19,0.96,,,0.01,1.8,0.0,349
上櫃,6123,上奇,2007,0.86,2.23,1.63,0,1.63,0.2,0,0.2,1.84,,,0.02,1.9,0.03,655
上櫃,6124,業強,2007,2.11,1.22,0,0,0,1.07,0,1.07,1.07,,,0.04,1.8,0.0,"1,897"
上櫃,6125,廣運,2007,6.71,4.66,3,0,3,0.5,0,0.5,3.5,,,0.07,1.09,0.23,"1,600"
上櫃,6126,信音,2007,1.69,2.46,0.7,0,0.7,1.31,0,1.31,2.01,,,0.06,3.55,0.0,"1,700"
上櫃,6127,九豪,2007,0.41,0.51,0.45,0,0.45,0,0,0,0.45,,,0.01,1.86,0.01,0
上市,6128,上福,2007,1.51,1.89,1.25,0,1.25,0.2,0,0.2,1.45,,,0.06,4.1,0.05,200
上櫃,6129,普誠,2007,1.3,0.77,0.36,0,0.36,0.09,0.15,0.24,0.6,,,0.03,2.16,0.03,"1,122"
上櫃,6130,星寶國際,2007,-0.32,-1.16,0,0,0,0,0,0,0,,,0.0,0,0.0,0
上市,6131,悠克,2007,3.13,3.08,2,0,2,0.3,0,0.3,2.3,,,0.03,0.91,0.11,"1,800"
上市,6133,金橋,2007,1.87,1.84,1.1,0,1.1,0.4,0,0.4,1.5,,,0.02,0.9,0.12,0
上櫃,6134,萬旭,2007,3.08,5.13,2,0,2,1,0,1,3,,,0.06,1.91,0.0,900
公開發行,6135,佳營,2007,-0.2,-0.26,0,0,0,0,0,0,0,,,0.0,0,0.0,0
上市,6136,富爾特,2007,3.53,3.22,1.82,0,1.82,0.1,0.8,0.9,2.72,,,0.07,2.06,0.08,"1,652"
上櫃,6138,茂達,2007,3.67,3.35,1.5,0,1.5,0.5,0,0.5,1.99,,,0.1,2.7,0.26,"2,328"
上市,6139,亞翔,2007,10.13,5.54,4,0,4,0,0,0,4,,,0.17,1.69,0.43,0
上櫃,6140,訊達,2007,0.42,1.23,0.86,0,0.86,0,0,0,0.86,,,0.02,4.1,0.03,0
上市,6141,柏承,2007,6.25,4.3,2.1,0,2.1,0.54,0,0.54,2.64,,,0.0,0,0.3,0
上市,6142,友勁,2007,4.49,2.47,0.2,0,0.2,1.64,0.2,1.84,2.04,,,0.08,1.8,0.0,"6,056"
上櫃,6143,振曜,2007,1.77,3.78,1.48,0,1.48,0.59,0.4,0.99,2.47,,,0.05,2.56,0.1,"1,439"
上櫃,6144,得利影,2007,0.14,0.22,0,0,0,0,0,0,0,,,0.0,0,0.0,0
上市,6145,勁永,2007,-6.64,-3.07,0,0,0,0,0,0,0,,,0.0,0,0.0,0
上櫃,6146,耕興,2007,3.05,4.05,3,0,3,0.1,0,0.1,3.1,,,0.03,0.94,0.29,350
上櫃,6147,頎邦,2007,11.13,3.61,2.28,0,2.28,0.11,0.11,0.23,2.5,,,0.2,1.8,0.5,"5,000"
上櫃,6148,驊宏資,2007,0.01,0.01,0,0,0,0,0,0,0,,,0.0,0,0.0,0
上櫃,6149,禾鴻,2007,,,0,0,0,0,0,0,0,,,,,,
上櫃,6150,撼訊,2007,1.55,2.38,0,0,0,0,0,0,0,,,0.0,0,0.0,0
上櫃,6151,晉倫,2007,0.58,1.35,0.82,0,0.82,0.31,0,0.31,1.13,,,0.02,2.7,0.02,85
上市,6152,百一,2007,3.4,3.23,1,0,1,1.2,0,1.2,2.2,,,0.06,1.84,0.0,"4,320"
上市,6153,嘉聯益,2007,3.1,0.99,0.6,0,0.6,0.1,0,0.1,0.7,,,0.04,1.13,0.05,"2,450"
上櫃,6154,順發,2007,3.86,5.51,4.6,0,4.6,0.12,0,0.12,4.72,,,0.01,0.21,0.0,"1,960"
上市,6155,鈞寶,2007,2.31,3.19,2.36,0,2.36,0.2,0,0.2,2.56,,,0.04,1.79,0.03,700
上櫃,6156,松上,2007,-7.51,-3.77,0,0,0,0,0,0,0,,,0.0,0,0.0,0
上櫃,6158,禾昌,2007,3.46,3.21,1.85,0,1.85,0.15,0,0.15,2,,,0.08,2.31,0.04,"3,100"
上櫃,6159,詮鼎,2007,,,1,0,1,0.25,0,0.25,1.25,,,,,,
上櫃,6160,欣技,2007,4.24,5.98,5.2,0,5.2,0,0,0,5.2,,,0.11,2.7,0.04,0
上櫃,6161,捷波,2007,1.09,1.19,0.4,0,0.4,0.4,0,0.4,0.8,,,0.03,2.31,0.0,"1,450"
上櫃,6163,華電網,2007,1.19,1.79,0,0,0,0,0,0,0,,,0.0,0,0.0,0
上市,6164,華興,2007,1.91,1.88,0.4,0,0.4,1,0,1,1.4,,,0.06,3.1,0.04,"1,524"
上市,6165,捷泰,2007,-1.13,-1.22,0,0,0,0,0.41,0.41,0.41,,,0.0,0,0.0,0
上市,6166,凌華,2007,3.88,3.74,2,0,2,0.8,0,0.8,2.8,,,0.03,0.77,0.15,"2,000"
上櫃,6167,久正,2007,0.31,0.21,0.2,0,0.2,0,0.2,0.2,0.4,,,0.02,6.16,0.04,0
上市,6168,宏齊,2007,3.03,1.85,1,0,1,0.5,0,0.5,1.5,,,0.03,0.89,0.0,"3,000"
上櫃,6169,昱泉,2007,0.22,0.81,0.52,0,0.52,0,0,0,0.52,,,0.0,0.9,0.02,0
上櫃,6170,統振,2007,1.38,1.88,0.7,0,0.7,1,0,1,1.7,,,0.04,2.72,0.0,875
上櫃,6171,亞銳士,2007,0.03,0.11,0,0,0,0,0,0,0,,,0.0,0,0.0,0
上市,6172,互億,2007,-1.29,-1.7,0,0,0,0,0,0,0,,,,,,
上櫃,6173,信昌電,2007,1.69,1.34,0.23,0,0.23,0.23,0,0.23,0.46,,,0.02,0.93,0.04,0
上櫃,6174,安碁,2007,0.48,0.66,0,0,0,0,0,0,0,,,0.0,0,0.0,0
上櫃,6175,立敦,2007,-0.29,-0.31,0,0,0,0,0,0,0,,,0.0,0,0.0,0
上市,6176,瑞儀,2007,19.3,5.03,3,0,3,0.3,0,0.3,3.3,,,0.35,1.8,1.14,"6,013"
上市,6177,達麗,2007,0.06,0.14,0,0,0,0,0,0,0,,,0.0,0,0.0,0
上櫃,6179,亞通,2007,0.41,0.57,0.5,0,0.5,0,0,0,0.5,,,0.01,2.83,0.04,0
上櫃,6180,橘子,2007,3.84,2.59,1.9,0,1.9,0.05,0,0.05,1.95,,,0.07,1.74,0.0,"5,009"
上櫃,6182,合晶,2007,13.28,6.08,3.41,0,3.41,0.3,0,0.3,3.71,,,0.19,1.44,0.88,776
上市,6183,關貿,2007,1.56,0.79,0.68,0,0.68,0,0,0,0.68,,,0.01,0.9,0.04,0
上市,6184,大豐電,2007,2.48,4.01,3.3,0,3.3,0,0,0,3.3,,,0.02,0.86,0.06,0
上櫃,6185,幃翔,2007,2.06,2.31,1.31,0,1.31,0.2,0,0.2,1.51,,,0.01,0.68,0.02,400
上櫃,6186,新潤,2007,-0.88,-1.26,0,0,0,0,0,0,0,,,0.0,0,0.0,0
上櫃,6187,萬潤,2007,1.09,2.11,0.58,0,0.58,0.58,0,0.58,1.17,,,0.02,1.51,0.03,318
上櫃,6188,廣明,2007,13.89,5.24,3.5,0,3.5,0.1,0,0.1,3.6,,,0.0,0,0.2,"10,000"
上市,6189,豐藝,2007,6.16,3.69,2.5,0,2.5,0.4,0.1,0.5,3,,,0.17,2.83,0.45,"2,438"
上櫃,6190,萬泰科,2007,1.97,1.9,1.3,0,1.3,0.1,0,0.1,1.4,,,0.05,2.51,0.0,"1,200"
上市,6191,精成科,2007,14.69,4.85,1.51,0,1.51,2.01,0,2.01,3.52,,,0.13,0.9,0.0,"6,611"
上市,6192,巨路,2007,4.77,5.97,3.5,0,3.5,1,0,1,4.5,,,0.04,0.9,0.65,0
上櫃,6194,育富,2007,7.36,6.14,3.3,0,3.3,0,0,0,3.3,,,0.02,0.3,0.04,0
上櫃,6195,詩肯,2007,0.16,0.69,0,0,0,0,0,0,0,,,,,,
上市,6196,帆宣,2007,2.44,1.66,0.5,0,0.5,0,0,0,0.5,,,0.02,0.9,0.22,0
上市,6197,佳必琪,2007,4.24,3.48,1.5,0,1.5,0.5,0.8,1.3,2.8,,,0.03,0.71,0.2,"2,000"
上櫃,6198,凌泰,2007,0.09,0.29,0,0,0,0,0,0,0,,,0.0,0,0.0,0
上櫃,6199,天品,2007,0.04,0.07,0,0,0,0,0,0,0,,,0.0,0,0.0,0
上市,6201,亞弘電,2007,3.68,4.13,2.8,0,2.8,0,0,0,2.8,,,0.06,1.63,0.22,0
上市,6202,盛群,2007,8.7,4.01,3,0,3,0.04,0,0.04,3.04,,,0.12,1.35,0.93,"1,300"
上櫃,6203,海韻電,2007,6.01,10.08,8.59,0,8.59,0,0,0,8.59,,,0.05,0.9,0.32,0
上櫃,6204,艾華,2007,1.18,3.37,1.7,0,1.7,0.3,0,0.3,2,,,0.03,2.49,0.0,778
上市,6205,詮欣,2007,4.2,5.85,3.52,0,3.52,0.5,0,0.5,4.02,,,0.06,1.35,0.19,"1,700"
上市,6206,飛捷,2007,6.17,8.38,5,0,5,1,0,1,6,,,0.02,0.39,0.12,"2,500"
上櫃,6207,雷科,2007,2.8,4.11,2.83,0,2.83,0.4,0,0.4,3.24,,,0.12,4.29,0.18,800
上櫃,6208,日揚,2007,0.93,1.18,0.5,0,0.5,0.2,0.3,0.5,1,,,0.02,1.8,0.04,356
上市,6209,今國光,2007,2.35,1.93,1.1,0,1.1,0.1,0,0.1,1.2,,,0.05,2.25,0.11,"1,269"
上櫃,6210,慶生,2007,0.67,1.91,0.45,0,0.45,0,0,0,0.45,,,0.01,0.77,0.01,0
公開發行,6211,福登,2007,0.32,0.69,0,0,0,0,0,0,0,,,0.0,0,0.0,0
上櫃,6212,理銘,2007,0.24,0.22,0,0,0,0,0,0,0,,,0.0,0,0.0,0
上市,6213,聯茂,2007,10.57,3.88,2.51,0,2.51,0.63,0,0.63,3.14,,,0.19,1.8,0.23,"5,327"
上市,6214,精誠,2007,8.92,3.02,1,0,1,0,0,0,1,,,0.16,1.8,0.8,0
上市,6215,和椿,2007,1.37,2.23,1.25,0,1.25,0.5,0,0.5,1.75,,,0.02,1.8,0.02,500
上市,6216,居易,2007,2.29,3.13,3.35,0,3.35,0,0,0,3.35,,,0.02,0.9,0.31,0
上櫃,6217,中探針,2007,-0.23,-0.58,0,0,0,0,0,0,0,,,,,,
上櫃,6218,豪勉,2007,1.3,2.55,2.5,0,2.5,0,0,0,2.5,,,0.01,1.1,0.14,0
上櫃,6219,富旺,2007,0.03,0.06,0,0,0,0,0,0,0,,,,,,
上櫃,6220,岳豐,2007,0.71,0.8,0.1,0,0.1,0.52,0,0.52,0.63,,,0.01,1.8,0.0,383
上櫃,6221,晉泰,2007,0.47,1.44,0.53,0,0.53,0.42,0.21,0.64,1.17,,,0.01,2.7,0.05,0
上櫃,6222,上揚,2007,-0.43,-0.77,0,0,0,0,0,0,0,,,0.0,0,0.0,0
上櫃,6223,旺矽,2007,4.2,6.63,2.55,0,2.55,1.02,0,1.02,3.57,,,0.08,1.9,0.23,912
上市,6224,聚鼎,2007,2.06,3.07,2.16,0,2.16,0.25,0,0.25,2.41,,,0.04,1.75,0.0,"1,444"
上市,6225,天瀚,2007,1.47,1.03,0.25,0,0.25,0.09,0.26,0.35,0.6,,,0.01,0.84,0.02,248
上市,6226,光鼎,2007,0.75,1.14,0.25,0,0.25,0.45,0,0.45,0.7,,,0.01,1.78,0.0,604
上櫃,6227,茂綸,2007,1.46,1.93,1.01,0,1.01,0.4,0,0.4,1.41,,,0.04,2.75,0.09,655
上櫃,6228,全譜,2007,0.18,0.46,0,0,0,0,0,0,0,,,0.0,0,0.0,0
上櫃,6229,研通,2007,0.61,1.82,1,0,1,0.2,0,0.2,1.2,,,0.02,2.65,0.0,760
上市,6230,超眾,2007,2.7,3.44,1,0,1,1,0,1,2,,,0.04,1.6,0.26,0
上櫃,6231,系微,2007,0.4,1.47,0.05,0,0.05,0.02,0.38,0.4,0.46,,,0.0,0.14,0.0,13
上櫃,6233,旺玖,2007,0.76,0.89,0.63,0,0.63,0.07,0,0.07,0.7,,,0.01,1.8,0.01,465
上櫃,6234,高僑,2007,0.94,1.39,0.5,0,0.5,0.5,0,0.5,1.01,,,0.04,4.24,0.04,399
上市,6235,華孚,2007,0.12,0.05,0,0,0,0,0,0,0,,,0.0,0,0.0,0
上櫃,6236,康呈,2007,-0.37,-2.9,0,0,0,0,0,0,0,,,,,,
上櫃,6237,驊訊,2007,3.41,5.87,4.5,0,4.5,0.25,0.25,0.5,5,,,0.03,0.9,0.14,"1,340"
上櫃,6238,勝麗,2007,-1.24,-2.32,0,0,0,0,0,0,0,,,0.0,0,0.0,0
上市,6239,力成,2007,61.66,11.08,4,0,4,1,0,1,5,,,0.83,1.35,3.66,"18,870"
上櫃,6240,松崗,2007,-0.36,-0.37,0,0,0,0,0,0,0,,,0.0,0,0.0,0
上櫃,6241,易通展,2007,0.19,0.26,0,0,0,0,0,0,0,,,0.0,0,0.0,0
上櫃,6242,立康,2007,-1.52,-3.46,0,0,0,0,0,0,0,,,0.0,0,0.0,0
上市,6243,迅杰,2007,3.64,6.25,3.81,0,3.81,0.26,0.26,0.52,4.33,,,0.1,2.69,0.47,500
上櫃,6244,茂迪,2007,24.42,12.55,6.99,0,6.99,2,0,2,8.98,,,0.47,1.92,1.24,"1,686"
上櫃,6245,立端,2007,1.74,3.47,1,0,1,1,0,1,2.01,,,0.03,1.8,0.0,"2,182"
上櫃,6246,臺龍,2007,-2.22,-1.57,0,0,0,0,0,0,0,,,0.0,0,0.0,0
上櫃,6247,淇譽電,2007,0.34,0.56,0.26,0,0.26,0,0,0,0.26,,,0.01,1.8,0.02,0
上櫃,6248,沛波,2007,-0.24,-0.49,0,0,0,0,0,0,0,,,0.0,0,0.0,0
公開發行,6250,宇加,2007,-0.88,-3.71,0,0,0,0,0,0,0,,,0.04,-5.02,0.0,0
上市,6251,定穎,2007,9.75,4.53,2,0,2,1,0,1,3,,,0.13,1.35,0.35,"1,754"
上市,6255,奈普,2007,,,0.8,0,0.8,0.2,0,0.2,1,,,0.02,,0.1,"2,500"
上市,6257,矽格,2007,6.16,2.12,1.08,0,1.08,0.51,0,0.51,1.59,,,0.16,2.66,0.32,"3,178"
上櫃,6259,百徽,2007,-0.45,-1.1,0,0,0,0,0,0,0,,,,,,
上櫃,6261,久元,2007,6.17,7.41,4,0,4,0.5,0,0.5,4.5,,,0.06,0.9,0.21,"3,401"
上櫃,6263,普萊德,2007,2.07,4.01,2.8,0,2.8,0.5,0,0.5,3.3,,,0.04,1.79,0.02,870
上櫃,6264,富裔,2007,-0.81,-1.38,0,0,0,0,0,0,0,,,0.0,0,0.0,0
上櫃,6265,方土昶,2007,0.62,0.72,0.25,0,0.25,0.3,0,0.3,0.54,,,0.02,2.45,0.0,72
上櫃,6266,泰詠,2007,1.21,1.91,0.33,0,0.33,0.78,0,0.78,1.11,,,0.03,2.7,0.03,608
上市,6269,台郡,2007,0.62,0.53,0,0,0,0,0,0,0,,,0.0,0,0.0,0
上櫃,6270,倍微,2007,3.31,4.09,2.04,0,2.04,0.51,0,0.51,2.55,,,0.09,2.64,0.23,581
上市,6271,同欣電,2007,5.05,5.72,3.5,0,3.5,0.5,0,0.5,4,,,,,,
興櫃,6272,驊陞,2007,0.91,1.64,0.24,0,0.24,0.76,0,0.76,1,,,0.03,2.75,0.01,500
上櫃,6274,台燿,2007,4.2,1.84,0.8,0,0.8,0,0.2,0.2,1,,,0.04,0.9,0.15,0
上櫃,6275,元山,2007,0.44,1.26,0.81,0,0.81,0.2,0,0.2,1.02,,,0.01,2.7,0.0,759
上櫃,6276,安鈦克,2007,-0.69,-1.5,0,0,0,0,0,0,0,,,0.0,0,0.0,0
上市,6277,宏正,2007,6.54,6.29,4.52,0,4.52,0.5,0,0.5,5.03,,,0.12,1.8,0.68,"2,000"
上市,6278,台表科,2007,9.71,6.93,2,0,2,1.5,0,1.5,3.5,,,0.08,0.79,0.0,"4,859"
上櫃,6279,胡連,2007,2.34,3.53,2.5,0,2.5,0.4,0,0.4,2.9,,,0.01,0.59,0.04,"1,055"
上市,6281,全國電,2007,5.75,4.41,3.4,0,3.4,0.1,0,0.1,3.5,,,0.1,1.8,0.46,600
上市,6282,康舒,2007,7.22,1.53,1,0,1,0.2,0,0.2,1.2,,,0.13,1.8,0.1,"2,273"
上市,6283,淳安,2007,2.06,2.76,0.51,0,0.51,1.52,0,1.52,2.03,,,0.06,2.87,0.07,"1,727"
上櫃,6284,佳邦,2007,4.77,6.35,4.21,0,4.21,0.21,0.31,0.51,4.72,,,0.13,2.68,0.14,"2,800"
上市,6285,啟碁,2007,10.67,5.3,2,0,2,1.5,0,1.5,3.5,,,0.1,0.9,0.38,"5,762"
公開發行,6286,立錡,2007,17.71,14.98,8.5,0,8.5,1,0,1,9.5,,,0.2,1.13,1.21,"2,870"
上櫃,6287,元隆,2007,0.12,0.08,0,0,0,0,0,0,0,,,0.0,0,0.0,0
上市,6289,華上,2007,0.43,0.2,0,0,0,0,0,0,0,,,,,,
上櫃,6290,良維,2007,-0.54,-0.51,0,0,0,0,0,0,0,,,0.0,0,0.0,0
上櫃,6291,沛亨,2007,0.26,0.58,0,0,0,0.56,0.34,0.9,0.9,,,0.01,3.49,0.0,450
上櫃,6292,迅德,2007,0.96,1.9,1.2,0,1.2,0.05,0,0.05,1.26,,,0.03,3.46,0.0,700
上櫃,6294,智基,2007,-1.51,-2.27,0,0,0,0,0,0,0,,,0.0,0,0.0,0
上櫃,6298,崴強,2007,3.35,2.29,1,0,1,1,0,1,2,,,0.0,0.1,0.0,"4,067"
公開發行,6401,助群,2007,0.19,0.41,0.36,0,0.36,0,0,0,0.36,,,0.0,0.44,0.0,0
上櫃,6402,基泰營,2007,,,0.2,0,0.2,0.28,0,0.28,0.48,,,,,,
上市,6504,南六,2007,1.09,2.58,1.5,0,1.5,0,0,0,1.5,,,0.01,0.6,0.01,0
上市,6505,台塑化,2007,696.11,7.53,6.7,0,6.7,0,0,0,6.7,,,0.16,0.02,1.13,0
上櫃,6506,雙邦,2007,0.56,1.34,0.2,0,0.2,0.4,0,0.4,0.6,,,0.02,2.7,0.05,0
公開發行,6507,新力美,2007,2.26,4.1,2,0,2,0,0,0,2,,,0.03,1.52,0.01,0
上櫃,6508,惠光,2007,1.45,2.28,1.5,0,1.5,0.1,0,0.1,1.6,,,0.03,2.41,0.0,349
上櫃,6509,聚和,2007,0.91,0.73,0.1,0,0.1,0.59,0,0.59,0.69,,,0.01,1.2,0.0,545
公開發行,6601,三益科,2007,0.54,1.5,0.7,0,0.7,0.3,0,0.3,1,,,0.02,3.56,0.0,0
上櫃,6603,富強鑫,2007,0.47,0.66,0.1,0,0.1,0.4,0,0.4,0.5,,,0.01,1.17,0.03,0
上市,6605,帝寶,2007,16.18,10.11,5.82,0,5.82,0,0,0,5.82,,,0.44,2.7,1.02,0
上櫃,6609,瀧澤科,2007,1.99,3.47,1.4,0,1.4,0.3,0,0.3,1.7,,,0.05,2.7,0.05,0
公開發行,6701,達和,2007,7.61,4.16,5,0,5,0,0,0,5,,,0.19,2.46,0.02,0
上櫃,6803,崑鼎,2007,1.19,4.3,2.62,0,2.62,0,0,0,2.62,,,0.02,1.8,0.0,0
公開發行,8008,建興電,2007,16.99,2.1,1.53,0,1.53,0.05,0,0.05,1.58,,,0.23,1.35,0.46,"10,703"
上市,8011,台通,2007,0.2,0.33,0,0,0,0,0,0,0,,,0.0,0,0.0,0
上市,8016,矽創,2007,7.54,7.24,4.49,0,4.49,0.25,0.25,0.5,4.99,,,0.2,2.7,0.39,"2,920"
上市,8021,尖點,2007,5.15,5.52,2.79,0,2.79,1.19,0,1.19,3.98,,,0.14,2.7,0.7,0
上櫃,8024,佑華,2007,2.21,3.96,2.85,0,2.85,0,0,0,2.85,,,0.06,2.82,0.33,0
上櫃,8027,鈦昇,2007,-0.18,-0.48,0,0,0,0,0,0,0,,,,,,
公開發行,8029,久尹,2007,0.2,0.48,0.5,0,0.5,0,0,0,0.5,,,0.01,2.7,0.01,0
上櫃,8032,光菱,2007,0.94,1.82,1.4,0,1.4,0,0,0,1.4,,,0.02,1.87,0.06,0
上市,8033,雷虎,2007,1.51,1.82,1.3,0,1.3,0.3,0,0.3,1.6,,,0.05,3.6,0.0,"1,088"
上櫃,8034,榮群,2007,-0.31,-0.46,0,0,0,0,0,0,0,,,0.0,0,0.0,0
上櫃,8038,長園科,2007,-0.2,-0.63,0,0,0,0,0,0,0,,,0.0,0,0.0,0
上市,8039,台虹,2007,3.08,2.11,0.35,0,0.35,0.35,0.35,0.7,1.05,,,0.08,2.7,0.09,"1,847"
上櫃,8040,九暘,2007,1.3,1.65,1,0,1,0.1,0,0.1,1.1,,,0.02,1.84,0.03,980
興櫃,8041,東精電,2007,0.67,3.27,2,0,2,0,0,0,2,,,0.03,4.5,0.03,0
上櫃,8042,金山電,2007,1.02,1.32,1.03,0,1.03,0,0,0,1.03,,,0.02,2.36,0.05,0
上櫃,8043,蜜望實,2007,2.4,3.03,1.33,0,1.33,0,0,0,1.33,,,0.04,1.8,0.22,0
上櫃,8044,網家,2007,-1.38,-2.46,0,0,0,0,0,0,0,,,,,,
上市,8046,南電,2007,85.35,13.94,12.54,0,12.54,0,0,0,12.54,,,0.03,0.04,0.02,0
上櫃,8047,星雲,2007,0.62,1.46,0,0,0,0.8,0,0.8,0.8,,,0.0,0.38,0.0,562
上櫃,8048,德勝,2007,0.68,2,1.14,0,1.14,0.3,0,0.3,1.44,,,0.02,2.64,0.0,899
上櫃,8049,晶采,2007,-0.15,-0.27,0,0,0,0,0,0,0,,,0.0,0,0.0,0
上櫃,8050,廣積,2007,3.9,7.37,4.02,0,4.02,1.01,0,1.01,5.03,,,0.03,0.64,0.08,"1,280"
公開發行,8053,巨擘,2007,-8.71,-2.01,0,0,0,0,1,1,1,,,0.0,0,0.0,0
上櫃,8054,安國,2007,2.65,4.34,1.5,0,1.5,1,0,1,2.5,,,0.02,0.69,0.03,"1,249"
公開發行,8056,達鴻,2007,0.12,0.02,0,0,0,0,0,0,0,,,0.0,0,0.0,0
上櫃,8059,凱碩,2007,0.85,1.01,0.77,0,0.77,0,0,0,0.77,,,0.02,2.7,0.09,0
上櫃,8064,東捷,2007,2.87,2.35,1,0,1,0.2,0,0.2,1.2,,,0.0,0,0.04,"2,199"
公開發行,8065,天瑞,2007,0.06,0.1,0,0,0,0,0,0,0,,,0.0,0,0.0,0
上櫃,8066,來思達,2007,-2.75,-2.82,0,0,0,0,0,0,0,,,,,,
上櫃,8067,志旭,2007,0.12,0.37,0,0,0,0,0.6,0.6,0.6,,,0.0,0,0.0,0
上櫃,8068,全達,2007,0.91,2.99,0,0,0,0,0,0,0,,,0.0,0,0.0,0
上櫃,8069,元太,2007,12.25,2.12,0.34,0,0.34,1.36,0,1.36,1.7,,,0.11,0.9,0.18,"7,056"
上市,8070,長華,2007,5.44,9.43,6.3,0,6.3,0.3,0,0.3,6.6,,,0.06,1.1,0.45,948
上櫃,8071,能率網通,2007,-1.74,-4.35,0,0,0,0,0,0,0,,,,,,
上市,8072,陞泰,2007,12.31,13.67,5.8,0,5.8,1.05,0,1.05,6.85,,,0.06,0.45,0.7,418
上櫃,8074,鉅橡,2007,-0.11,-0.24,0,0,0,0,0.2,0.2,0.2,,,0.0,0,0.0,0
上櫃,8076,伍豐,2007,17.51,17.5,3.52,0,3.52,3.52,0,3.52,7.05,,,0.15,0.84,0.29,"1,500"
上櫃,8077,洛碁,2007,-0.84,-1.6,0,0,0,0,0,0,0,,,0.0,0,0.0,0
公開發行,8078,華寶,2007,39.58,7.05,4,0,4,0.02,0.48,0.5,4.5,,,0.71,1.79,0.7,"18,019"
上櫃,8079,誠遠,2007,0.94,1.64,0,0,0,1,0,1,1,,,0.04,3.81,0.0,"1,070"
上櫃,8080,奧斯特,2007,1.38,3.02,2.2,0,2.2,0.3,0,0.3,2.5,,,0.02,1.8,0.0,622
上市,8081,致新,2007,7.4,12.28,7.47,0,7.47,1.24,0,1.24,8.71,,,0.12,1.68,0.59,"1,600"
公開發行,8082,漢承泰,2007,-0.08,-0.14,0,0,0,0,0,0,0,,,0.0,0,0.0,0
上櫃,8083,瑞穎,2007,0.77,2.67,2,0,2,0.3,0,0.3,2.3,,,0.01,1.33,0.03,220
上櫃,8084,巨虹,2007,0.43,1.26,0,0,0,0,0,0,0,,,,,,
上櫃,8085,福華,2007,0.93,0.65,0.4,0,0.4,0.1,0.2,0.3,0.7,,,0.0,0,0.0,850
上櫃,8086,宏捷科,2007,-0.41,-0.41,0,0,0,0,0,0,0,,,,,,
上櫃,8087,華鎂鑫,2007,-0.36,-1.03,0,0,0,0,0,0,0,,,0.0,0,0.0,0
上櫃,8088,品安,2007,-0.05,-0.11,0,0,0,0,0,0,0,,,,,,
上櫃,8091,翔名,2007,1.08,3.09,2.3,0,2.3,0.1,0,0.1,2.4,,,0.01,1.33,0.04,650
上櫃,8092,建暐,2007,-0.16,-0.55,0,0,0,0,0,0,0,,,0.0,0,0.0,0
上櫃,8093,保銳,2007,1.38,2.25,1.5,0,1.5,0.5,0,0.5,2,,,0.04,2.7,0.07,0
上櫃,8096,擎亞,2007,1.2,1.42,0.61,0,0.61,0.51,0,0.51,1.11,,,0.02,1.25,0.07,590
上櫃,8097,常珵,2007,-2.74,-5.78,0,0,0,0,0,0,0,,,0.0,0,0.0,0
上櫃,8099,大世科,2007,1.46,2.27,1.5,0,1.5,0.3,0,0.3,1.8,,,0.01,0.79,0.0,"1,002"
上市,8101,華冠,2007,-6.19,-1.71,0,0,0,0,0,0,0,,,0.0,0,0.0,0
上市,8103,瀚荃,2007,2.68,5.21,2.57,0,2.57,1.03,0,1.03,3.6,,,0.07,2.43,0.15,620
上市,8105,凌巨,2007,5.67,2.38,1.39,0,1.39,0.2,0,0.2,1.59,,,0.04,0.73,0.01,"3,399"
上櫃,8107,大億金茂,2007,1.7,1.18,0.26,0,0.26,0.26,0,0.26,0.52,,,0.03,1.93,0.03,750
上櫃,8109,博大,2007,1.57,4.01,2.54,0,2.54,0.51,0,0.51,3.05,,,0.03,1.8,0.07,147
上市,8110,華東,2007,8.92,1.94,0.29,0,0.29,0.87,0,0.87,1.16,,,0.12,1.33,0.38,950
上櫃,8111,立碁,2007,0.64,0.84,0,0,0,0.56,0.46,1.01,1.01,,,0.01,1.84,0.0,448
上市,8112,至上,2007,1.02,0.68,0.51,0,0.51,0,0,0,0.51,,,0.02,1.78,0.09,0
上市,8114,振樺電,2007,4.32,8.37,7.01,0,7.01,0.05,0,0.05,7.06,,,0.08,1.84,0.24,"1,592"
興櫃,8115,帝聞,2007,2.61,3.57,0.75,0,0.75,0.75,0,0.75,1.5,,,0.0,0,0.0,"1,410"
上櫃,8121,越峰,2007,1.02,1.07,0.13,0,0.13,0.7,0,0.7,0.83,,,0.01,0.98,0.0,200
興櫃,8122,神通,2007,10.1,3.14,1.2,0,1.2,0,0,0,1.2,,,0.05,0.5,0.0,"2,000"
興櫃,8127,利汎,2007,0.33,0.77,0,0,0,0,0,0,0,,,0.0,0,0.0,0
上市,8131,福懋科,2007,17.33,4.11,3.2,0,3.2,0,0,0,3.2,,,0.01,0.03,0.03,0
公開發行,8157,宏麗科技,2007,0.46,1.41,0.5,0,0.5,0,0,0,0.5,,,0.0,0.92,0.03,0
上市,8163,達方,2007,17.22,7.27,2.5,0,2.5,1,0,1,3.5,,,0.16,0.9,0.49,"7,758"
上櫃,8176,智捷,2007,0.57,0.84,0.62,0,0.62,0,0,0,0.62,,,0.02,2.7,0.08,0
興櫃,8179,旭德,2007,3.1,1.03,0.6,0,0.6,0.1,0,0.1,0.7,,,0.03,0.9,0.17,"2,503"
上櫃,8182,加高,2007,2.59,3.26,1.9,0,1.9,0,0,0,1.9,,,0.03,1.32,0.14,0
上櫃,8183,精星,2007,0.35,0.29,0.28,0,0.28,0,0,0,0.28,,,0.01,3.28,0.04,0
興櫃,8189,智灝,2007,,,0.6,0,0.6,0,0,0,0.6,,,0.02,,0.07,0
公開發行,8197,研能,2007,2.78,4.82,3.07,0,3.07,0.7,0,0.7,3.77,,,0.08,2.7,0.25,0
上市,8199,廣鎵,2007,,,0.3,0,0.3,1.2,0,1.2,1.5,,,0.16,,0.05,"4,245"
上市,8201,無敵,2007,3.02,4.17,3.3,0,3.3,0,0.5,0.5,3.8,,,0.08,2.7,0.19,0
上市,8210,勤誠,2007,2.43,2.55,0.5,0,0.5,1.5,0,1.5,2,,,0.07,2.7,0.05,"1,643"
上市,8213,志超,2007,5.82,5.5,0.69,0,0.69,0.49,0.98,1.48,2.17,,,0.16,2.7,0.27,"5,200"
上市,8215,明基材,2007,7.28,3.07,0.4,0,0.4,1,0,1,1.4,,,0.07,0.9,0.07,"5,899"
公開發行,8225,華矽公司,2007,0.07,0.17,0,0,0,0,0,0,0,,,0.0,0,0.0,0
公開發行,8227,巨有科,2007,0.15,0.46,0,0,0,0,0,0,0,,,0.0,0,0.0,0
上櫃,8234,新漢,2007,2.55,4.49,1.5,0,1.5,2,0,2,3.5,,,,,,
上櫃,8240,華宏,2007,2.11,2.96,1.23,0,1.23,0.31,0,0.31,1.54,,,0.06,2.84,0.17,700
上市,8249,菱光,2007,4.8,3.81,2.6,0,2.6,0.1,0,0.1,2.7,,,0.22,4.5,0.23,"2,051"
上櫃,8255,朋程,2007,3.07,6.31,4,0,4,0.5,0,0.5,4.5,,,0.08,2.46,0.21,403
上市,8261,富鼎,2007,2.3,2.01,0.71,0,0.71,0.76,0,0.76,1.47,,,0.06,2.64,0.1,"1,055"
公開發行,8264,台視訊,2007,0.0,0.01,0,0,0,0,0,0,0,,,0.0,0,0.0,0
上櫃,8266,中日新,2007,1.15,2.04,0.8,0,0.8,0.2,0,0.2,1,,,0.01,1.26,0.04,362
上市,8271,宇瞻,2007,-3.22,-2.94,0,0,0,0,0,0,0,,,0.0,0,0.0,0
上櫃,8277,商丞,2007,-1.9,-2.99,0,0,0,0,0,0,0,,,0.0,0,0.0,0
興櫃,8281,歐普羅,2007,0.09,0.34,0.35,0,0.35,0,0,0,0.35,,,0.0,0.53,0.0,
上櫃,8287,英格爾,2007,1.06,3.27,1,0,1,0.85,0.5,1.35,2.35,,,0.03,2.43,0.01,973
上櫃,8289,泰藝,2007,1.0,1.59,1.11,0,1.11,0,0,0,1.11,,,0.03,2.7,0.09,0
上櫃,8291,尚茂,2007,0.07,0.1,0,0,0,0,0,0,0,,,0.0,0,0.0,0
公開發行,8297,金橋電,2007,1.11,1.69,0.4,0,0.4,0,0,0,0.4,,,0.02,1.48,0.05,0
上櫃,8299,群聯,2007,13.95,14.15,5.81,0,5.81,1.94,0,1.94,7.75,,,0.13,0.97,0.6,"2,200"
興櫃,8329,台視,2007,-5.04,-1.79,0,0,0,0,0,0,0,,,0.0,0,0.0,0
上櫃,8349,恒耀,2007,0.46,0.8,0.3,0,0.3,0.3,0,0.3,0.6,,,0.01,2.61,0.02,0
公開發行,8351,新東亞,2007,0.49,0.69,0,0,0,0,0,0,0,,,0.0,0,0.0,0
上櫃,8354,冠好,2007,0.78,1.54,0.6,0,0.6,0,0,0,0.6,,,0.02,2.7,0.02,0
上櫃,8358,金居,2007,2.31,1.16,0,0,0,0,0,0,0,,,0.0,0,0.0,0
上市,8374,羅昇,2007,1.98,4.52,0.92,0,0.92,3.68,0,3.68,4.6,,,0.04,2.12,0.0,419
上櫃,8383,千附,2007,2.62,3.36,2,0,2,0,0,0,2,,,0.04,1.42,0.15,0
上櫃,8390,金益鼎,2007,1.51,4.38,0.89,0,0.89,1.78,0.89,2.67,3.56,,,0.04,2.7,0.0,"1,492"
上櫃,8401,白紗科,2007,0.7,3.12,1,0,1,1,0,1,2,,,0.02,3.43,0.02,0
上櫃,8705,東隆,2007,,,3.35,0,3.35,0.2,0,0.2,3.55,,,0.2,,0.04,"1,592"
上櫃,8905,裕國,2007,1.11,1.06,0.7,0,0.7,0,0,0,0.7,,,0.02,1.57,0.02,0
上櫃,8906,花王,2007,-0.36,-0.75,0,0,0,0,0,0,0,,,0.0,0,0.0,0
上櫃,8908,欣雄,2007,0.45,0.65,0,0,0,0.6,0,0.6,0.6,,,0.0,0,0.0,0
上櫃,8913,全銓,2007,0.2,0.58,0,0,0,0,0,0,0,,,,,,
上櫃,8916,光隆,2007,0.83,1.01,0.5,0,0.5,0,0,0,0.5,,,0.02,2.76,0.05,0
上櫃,8917,欣泰,2007,1.92,2.4,0.9,0,0.9,1.3,0,1.3,2.2,,,0.03,1.45,0.03,0
上櫃,8921,沈氏,2007,0.35,0.74,0.7,0,0.7,0,0,0,0.7,,,0.0,0,0.0,0
上櫃,8923,時報,2007,0.31,1.02,0.7,0,0.7,0,0,0,0.7,,,0.0,1.08,0.01,0
上櫃,8924,大田,2007,8.7,7.21,6,0,6,0.05,0.05,0.1,6.1,,,0.15,1.75,0.0,"1,522"
公開發行,8925,偉盟,2007,2.7,1.59,0.48,0,0.48,0.77,0.19,0.97,1.45,,,0.07,2.7,0.07,0
上市,8926,台汽電,2007,3.83,0.85,0.4,0,0.4,0.55,0.05,0.6,1,,,0.04,1.17,0.0,"1,340"
上櫃,8927,北基,2007,0.45,0.51,0.25,0,0.25,0.25,0,0.25,0.5,,,0.01,2.7,0.02,0
上櫃,8928,鉅明,2007,0.99,1.52,1.1,0,1.1,0,0,0,1.1,,,0.02,2.36,0.04,0
上櫃,8929,富堡,2007,0.08,0.41,0,0,0,0,0,0,0,,,0.0,0,0.0,0
上櫃,8930,青鋼,2007,0.34,0.84,0.45,0,0.45,0.45,0,0.45,0.89,,,0.01,2.22,0.01,0
上櫃,8931,大汽電,2007,0.96,0.9,0.7,0,0.7,0,0,0,0.7,,,0.0,0,0.02,0
上櫃,8932,宏大,2007,-0.26,-0.69,0,0,0,0,0,0,0,,,,,,
上櫃,8933,愛地雅,2007,0.45,0.41,0.3,0,0.3,0,0.2,0.2,0.5,,,0.01,2.41,0.02,0
上櫃,8934,衡平,2007,-1.05,-2.77,0,0,0,0,0,0,0,,,0.0,0,0.0,0
上櫃,8935,邦泰,2007,0.32,0.22,0,0,0,0.15,0.35,0.5,0.5,,,0.01,2.7,0.01,0
上櫃,8936,國統,2007,1.1,1.7,0.5,0,0.5,0.5,0,0.5,1,,,0.02,1.78,0.02,0
上櫃,8937,合騏,2007,0.12,0.15,0.15,0,0.15,0,0,0,0.15,,,0.0,3.44,0.0,0
上櫃,8938,明安,2007,6.69,6.01,4.47,0,4.47,0.2,0,0.2,4.67,,,0.09,1.29,0.13,"1,000"
上市,8940,新天地,2007,0.75,1.59,0,0,0,1.23,0.26,1.5,1.5,,,0.01,1.28,0.01,0
上櫃,8941,關中,2007,1.35,1.43,0.9,0,0.9,0,0,0,0.9,,,0.01,0.9,0.06,0
上櫃,8942,森鉅,2007,2.38,3.23,0.71,0,0.71,1.73,0,1.73,2.44,,,0.08,3.54,0.0,"1,850"
公開發行,8977,南國,2007,0.69,2.81,2.53,0,2.53,0,0,0,2.53,,,0.0,0,0.0,0
上市,8996,高力,2007,0.7,1.74,1,0,1,0.5,0,0.5,1.5,,,0.03,4.5,0.01,0
上市,9105,泰金寶-DR,2007,,,0.4,0,0.4,0,0,0,0.4,,,,,,
上市,9902,台火,2007,-1.72,-1.89,0,0,0,0,0,0,0,,,0.0,0,0.0,0
上市,9904,寶成,2007,48.0,1.97,1,0,1,1,0,1,2,,,1.69,3.52,0.0,"27,322"
上市,9905,大華,2007,3.16,1.04,1,0,1,0,0,0,1,,,0.03,1.02,0.03,0
上市,9906,欣巴巴,2007,2.3,2.47,0,0,0,0,0,0,0,,,0.0,0,0.0,0
上市,9907,統一實,2007,13.82,0.92,0.8,0,0.8,0,0,0,0.8,,,0.26,1.9,0.68,0
上市,9908,大台北,2007,4.37,0.86,0.8,0,0.8,0,0,0,0.8,,,0.21,4.73,0.1,0
上市,9910,豐泰,2007,12.65,2.58,2,0,2,0,0,0,2,,,0.34,2.67,0.11,0
上市,9911,櫻花,2007,2.08,0.88,0.2,0,0.2,0.1,0,0.1,0.3,,,0.02,1.13,0.04,0
上市,9912,偉聯,2007,0.58,1.25,0,0,0,0,0,0,0,,,0.0,0,0.0,0
上市,9914,美利達,2007,13.31,6.18,2.8,0,2.8,0,0,0,2.8,,,0.77,5.76,1.07,0
上市,9917,中保,2007,18.42,4.26,3.5,0,3.5,0,0,0,3.5,,,1.21,6.59,0.12,0
上市,9918,欣天然,2007,2.64,1.57,1.3,0,1.3,0,0,0,1.3,,,0.06,2.25,0.06,0
上市,9919,康那香,2007,1.62,0.83,0.65,0,0.65,0,0,0,0.65,,,0.07,4.22,0.03,0
上市,9921,巨大,2007,18.13,6.47,3,0,3,0.5,0,0.5,3.5,,,0.65,3.6,0.65,"1,694"
上市,9922,優美,2007,,,0,0,0,0,0,0,0,,,0.0,,0.0,0
上市,9924,福興,2007,1.98,1.03,1.5,0,1.5,0,0,0,1.5,,,0.03,1.37,0.1,0
上市,9925,新保,2007,9.79,2.65,1.8,0,1.8,0.2,0,0.2,2,,,0.43,4.36,0.0,"1,281"
上市,9926,新海,2007,2.04,1.72,1,0,1,0.4,0,0.4,1.4,,,0.04,2.2,0.06,282
上市,9927,泰銘,2007,13.25,8.82,6.6,0,6.6,0.47,0,0.47,7.07,,,0.36,2.73,0.12,0
上市,9928,中視,2007,-2.46,-0.88,0,0,0,0,0,0,0,,,0.0,0,0.0,0
上市,9929,秋雨,2007,-1.74,-1.17,0,0,0,0,0,0,0,,,0.0,0,0.0,0
上市,9930,中聯資源,2007,6.85,3.14,2.4,0,2.4,0.3,0,0.3,2.7,,,0.06,0.9,0.09,"1,291"
上市,9931,欣高,2007,0.94,0.99,0.9,0,0.9,0,0,0,0.9,,,0.01,0.59,0.01,0
上市,9933,中鼎,2007,13.07,2.13,1.74,0,1.74,0.12,0,0.12,1.86,,,0.1,0.77,0.0,"7,335"
上市,9934,成霖,2007,7.09,2.62,1.51,0,1.51,0,0.5,0.5,2.02,,,0.04,0.62,0.18,0
上市,9935,慶豐富,2007,0.91,0.61,0.09,0,0.09,0.36,0,0.36,0.45,,,0.02,2.7,0.0,329
上市,9937,全國,2007,6.43,2.08,1.6,0,1.6,0,0,0,1.6,,,0.29,4.5,0.29,0
上市,9938,百和,2007,6.57,2.55,0.8,0,0.8,1,0,1,1.8,,,0.1,1.48,0.0,"1,511"
上市,9939,宏全,2007,2.83,1.5,0.8,0,0.8,0.2,0,0.2,1,,,0.03,0.9,0.0,509
上市,9940,信義,2007,11.6,4.77,1.79,0,1.79,2.39,0,2.39,4.19,,,0.11,0.92,0.11,0
上市,9941,裕融,2007,4.84,2.05,1.7,0,1.7,0,0,0,1.7,,,0.02,0.45,0.18,0
上市,9942,茂順,2007,3.18,3.88,2.78,0,2.78,0,0,0,2.78,,,0.08,2.57,0.17,0
上市,9943,好樂迪,2007,1.0,0.54,0.5,0,0.5,0,0,0,0.5,,,,,,
上市,9944,新麗,2007,10.19,11.21,4,0,4,0,0,0,4,,,0.18,1.8,0.18,0
上市,9945,潤泰新,2007,11.62,1.54,1.3,0,1.3,0,0,0,1.3,,,0.0,0,0.1,0
上市,9946,三發地產,2007,-0.28,-1.1,0,0,0,0,0,0,0,,,0.0,0,0.0,0
上櫃,9949,琉園,2007,0.8,2.09,0.69,0,0.69,0.75,0,0.75,1.45,,,0.02,2.98,0.08,286
上櫃,9950,萬國通,2007,0.54,1.22,1,0,1,0,0,0,1,,,0.02,2.79,0.05,0
上櫃,9951,皇田,2007,2.0,4.27,1.71,0,1.71,1.49,0,1.49,3.2,,,0.06,3.01,0.1,800
上市,9955,佳龍,2007,2.58,3.16,1.6,0,1.6,0.4,0,0.4,2,,,0.09,3.54,0.07,200
興櫃,9957,燁聯,2007,5.13,0.45,0.5,0,0.5,0.5,0,0.5,1,,,0.0,0.05,0.01,0
上市,9958,世紀鋼,2007,1.04,1.32,0.2,0,0.2,0.3,0,0.3,0.5,,,0.04,4.05,0.04,0
上櫃,9960,邁達康,2007,0.5,2.65,0,0,0,2.1,0,2.1,2.1,,,0.01,1.73,0.0,426
公開發行,9961,儀大,2007,1.37,3.26,0.5,0,0.5,1.6,0,1.6,2.1,,,0.05,3.6,0.02,0
上櫃,9962,有益,2007,0.51,0.79,0.6,0,0.6,0,0,0,0.6,,,0.01,1.8,0.01,0
